songs/1968/Simon & Garfunkel - Mrs Robinson.mp3	ampersand
songs/1975/K.C. & The Sunshine Band - That's The Way (I Like It).mp3	ampersand,apostrophe,parens
songs/1977/Bee Gees - Stayin' Alive.mp3	apostrophe
songs/1977/Boney M - Ma Baker (Vocal).mp3	parens
songs/1977/Donna Summer - I Feel Love (2).mp3	parens
songs/1978/Boney M - Rasputin'.mp3	apostrophe
songs/1978/Earth, Wind & Fire - September.mp3	ampersand
songs/1978/Rod Stewart - Da Ya Think I'm Sexy.mp3	apostrophe
songs/1978/Village People - Y.M.C.A (2).mp3	parens
songs/1979/Earth, Wind & Fire With The Emotions - Boogie Wonderland.mp3	ampersand
songs/1979/Eddie Johns - More Spell on You (One More Time).mp3	parens
songs/1979/Kiss - I Was Made For Lovin' You.mp3	apostrophe
songs/1979/Knack (3), The - My Sharona.mp3	parens
songs/1979/Queen - Don't Stop Me Now.mp3	apostrophe
songs/1981/Depeche Mode - Just Can't Get Enough.mp3	apostrophe
songs/1981/The Human League - Don't You Want Me.mp3	apostrophe
songs/1982/B-Movie - Nowhere Girl (Long Version).mp3	parens
songs/1982/Boys Town Gang - Can't Take My Eyes Off You = No Puedo Dejar De Mirarte.mp3	apostrophe
songs/1982/Michael Jackson - Thriller (Short Version).mp3	parens
songs/1982/Peter Schilling - Major Tom (Völlig Losgelöst).mp3	parens
songs/1982/The Alan Parsons Project - Mammagamma - Instrumental (Concl.).mp3	parens
songs/1982/The Weather Girls - It's Raining Men (Vocal).mp3	apostrophe,parens
songs/1982/The Weather Girls - It's Raining Men.mp3	apostrophe
songs/1982/Yazoo - Don't Go.mp3	apostrophe
songs/1983/Eurythmics - Sweet Dreams (Are Made Of This).mp3	parens
songs/1983/Michael Sembello - Maniac (Vocal).mp3	parens
songs/1983/Run DMC - It's Like That (Short).mp3	apostrophe,parens
songs/1984/Dead Or Alive - You Spin Me Round (Like A Record).mp3	parens
songs/1984/Kool & The Gang - Fresh.mp3	ampersand
songs/1984/Nik Kershaw - The Riddle (Extended Riddle).mp3	parens
songs/1984/Ray Parker Jr. - Ghostbusters (Short Version).mp3	parens
songs/1984/Talk Talk - It's My Life - 1997 Remaster.mp3	apostrophe
songs/1984/Twisted Sister - We're Not Gonna Take It.mp3	apostrophe
songs/1985/Queen - Thank God It's Christmas.mp3	apostrophe
songs/1986/Erasure - Oh L'Amour (Re-Mix).mp3	apostrophe,parens
songs/1987/M & H Band - Pop Corn (Radio Version).mp3	ampersand,parens
songs/1987/Sabrina - Boys (Summertime Love).mp3	parens
songs/1988/Desireless - Voyage Voyage (Euro Remix Remix).mp3	parens
songs/1988/Eddy Grant - Gimme Hope Jo'Anna.mp3	apostrophe
songs/1988/Hard Rain - Diamonds (Long Version).mp3	parens
songs/1988/Johnny O - Fantasy Girl (Radio Edit).mp3	parens
songs/1989/Camouflage - Love Is A Shield (7 Mix).mp3	parens
songs/1989/Invisible Limits - Golden Dreams (New Order Edit).mp3	parens
songs/1989/Jive Bunny And The Mastermixers - Swing the Mood (50s and 60s).mp3	parens
songs/1989/Kaoma - Lambada (7_ Version).mp3	parens
songs/1989/Lil Louis - French Kiss (The Original Underground Mix).mp3	parens
songs/1989/The KLF - 3 A.M. Eternal (Original).mp3	parens
songs/1989/Transvision Vamp - Baby I Don't Care.mp3	apostrophe
songs/1990/C + C Music Factory Featuring Freedom Williams - Gonna Make You Sweat (Everybody Dance Now) (Radio Version).mp3	parens
songs/1990/Interfront  - Strange.mp3	repeatedOrEdgeSpace
songs/1990/Mystic - Ritmo De La Noche (Radio Mix).mp3	parens
songs/1990/Mystic - Ritmo De La Noche (Sunshine Mix).mp3	parens
songs/1991/2 Bros On The 4th Floor - Turn Da Music Up (Milano Radio Mix).mp3	parens
songs/1991/And One - Metalhammer (Club Mix).mp3	parens
songs/1991/Chimo Bayo - Asi Me Gusta A Mi (Instrumental).mp3	parens
songs/1991/Crystal Waters - Gypsy Woman (She's Homeless) (Basement Boys Strip To The Bone Mix).mp3	apostrophe,parens
songs/1991/Espiral - Dunne (Alternative Mix).mp3	parens
songs/1991/Rozalla - Everybody's Free (1992).mp3	apostrophe,parens
songs/1992/Age Of Love - The Age Of Love (Watch Out For Stella Club Mix).mp3	parens
songs/1992/Bad Boys Blue - Save Your Love (12_ - Mix).mp3	parens
songs/1992/Dance 2 Trance - Power Of American Natives (Vocal Mix).mp3	parens
songs/1992/David Fairman Project - I Say Shut Up! (Teknopolka Mix).mp3	parens
songs/1992/Desperation - Our Reservation (Remix).mp3	parens
songs/1992/DJ Hooligan - B.O.T.T.R.O.P. (Short).mp3	parens
songs/1992/Haddaway - What Is Love (12'' Mix).mp3	apostrophe,parens
songs/1992/Haddaway - What Is Love (Original 7 Mix).mp3	parens
songs/1992/House Of Pain - Jump Around (Original Mix).mp3	parens
songs/1992/Interactive - Who Is Elvis (Phenomenia Remix).mp3	parens
songs/1992/K.W.S. - Please Don't Go (Sunshine Mix).mp3	apostrophe,parens
songs/1992/LDC - T-Raumreise (Remix).mp3	parens
songs/1992/Ramirez - Orgasmico (D.J. Ricci Mix).mp3	parens
songs/1992/Rave Crusader - Energy Overload (Acid Changes Mix).mp3	parens
songs/1992/Sevenebb - It's My Beat.mp3	apostrophe
songs/1992/Snap! - Rhythm Is A Dancer (12 Mix).mp3	parens
songs/1992/Snap! - Rhythm Is A Dancer (Original Extended Mix).mp3	parens
songs/1992/Spanic - Bring On The Night (Club Mix).mp3	parens
songs/1992/Speedy J - Pullover (First Remix).mp3	parens
songs/1992/Technotronic - Move This (Hit Mix).mp3	parens
songs/1992/The Overlords - Sundown (Ionizer Remix '92).mp3	apostrophe,parens
songs/1992/Virtualmismo - Mismoplastico (Virtual Mix).mp3	parens
songs/1993/Afrika Bambaataa - Feeling Irie (Jumpin' Club Mix).mp3	apostrophe,parens
songs/1993/Aldus Haza - Dial (Action Mix).mp3	parens
songs/1993/Aldus Haza - Killer City (Killer Version).mp3	parens
songs/1993/Alien Factory - Beta Music (Hanover Rmx).mp3	parens
songs/1993/Atlantis - Because (Killer Mode).mp3	parens
songs/1993/Atlantis - Because (Panic Mode).mp3	parens
songs/1993/Atlantis - Control Of The Universe (M&M's Mix).mp3	ampersand,apostrophe,parens
songs/1993/Corona - The Rhythm Of The Night (Club Mix).mp3	parens
songs/1993/Corona - The Rhythm Of The Night (Radio Edit).mp3	parens
songs/1993/Culture Beat - Mr. Vain (Vain Mix).mp3	parens
songs/1993/Cut 'N' Move - Give It Up (Album Version).mp3	apostrophe,parens
songs/1993/Division Barcelona - El Hombre Maquina (Remix).mp3	parens
songs/1993/DJ 70 - Fanatic Trance (Marnix Trance Remix).mp3	parens
songs/1993/DJ's Rave Ministry - Rave You (Rave Mix).mp3	apostrophe,parens
songs/1993/Double You - Got To Love (Club Mix).mp3	parens
songs/1993/Dr. DJ Cerla - Rotterdam '93 (N.Y. Version).mp3	apostrophe,parens
songs/1993/Eliminator - GRillos (Rotterdam Leisure) (Mix 1).mp3	parens
songs/1993/Espiral - Dunne (Alternative Mix).mp3	parens
songs/1993/Espiral - Dunne (Drums Mix).mp3	parens
songs/1993/Fabio Locati - XTC Vol. 3 (Mr. Otto DJ).mp3	parens
songs/1993/Fits Of Gloom - To Love (Club Mix).mp3	parens
songs/1993/Freddie Mercury - Living On My Own (Extended Mix).mp3	parens
songs/1993/Freddie Mercury - Living On My Own (Radio Mix).mp3	parens
songs/1993/Hocus Pocus - Here's Johnny! (BAM BAM BAM).mp3	apostrophe,parens
songs/1993/Hocus Pocus - Here's Johnny! (Hardcore).mp3	apostrophe,parens
songs/1993/Hocus Pocus - Here's Johnny! (Ramirez Mix).mp3	apostrophe,parens
songs/1993/Hocus Pocus - Here's Johnny!.mp3	apostrophe
songs/1993/Hocus Pocus Featuring Ramirez - Here's Johnny ! (Ramirez Mix).mp3	apostrophe,parens
songs/1993/Hocus Pocus Featuring Ramirez - Here's Johnny! (RMX-DFC).mp3	apostrophe,parens
songs/1993/Imperio Destroy - Barraca Destroy (Destruction Vrs - Cara De Noche).mp3	parens
songs/1993/Infrared - Bello Tekno (Global Mix).mp3	parens
songs/1993/J & Zona Industrial - Demasiado (Version Larga).mp3	ampersand,parens
songs/1993/Jam & Spoon Feat. Plavka - Right In The Night (Fall In Love With Music).mp3	ampersand,parens
songs/1993/Jens - Loops & Tings (Fruit Loops Remix).mp3	ampersand,parens
songs/1993/Joy-Dee - Lagrima Española (Tradimento Mix).mp3	parens
songs/1993/Kike Boy - Croack (Extended).mp3	parens
songs/1993/Kike Boy & Ram-J - I Hope So Too (Original).mp3	ampersand,parens
songs/1993/Kike Boy & Ram-J - Rápido (Bola Mix).mp3	ampersand,parens
songs/1993/Kike Jaen - Boicamph Project (Test 1).mp3	parens
songs/1993/Kike Jaen - House Music (Dance Version).mp3	parens
songs/1993/Konplot - Obsession (Musika Obsesiva).mp3	parens
songs/1993/LDC - T-raumreise (Special Remix Cut).mp3	parens
songs/1993/Luxor (Hans Jörg Nonn) - The Big Bang ! (Chillencio Mix).mp3	parens
songs/1993/M.A.G. - Let's Do It (Dr. Aprico Version).mp3	apostrophe,parens
songs/1993/Marchin - Sube Sube (Original Version).mp3	parens
songs/1993/Miky Mouse - Electro Party (Dark Version).mp3	parens
songs/1993/Mister B - Fascinated (Medley Version).mp3	parens
songs/1993/Onda Del Futuro - Terra (Extended Version).mp3	parens
songs/1993/Prince Ital Joe Feat. M.M. - Happy People (Damage Control Remix).mp3	parens
songs/1993/Rafa Villalba & DJ Sarna - Chiquetere (Rappo Mix).mp3	ampersand,parens
songs/1993/Ramirez - El Gallinero (A Capella).mp3	parens
songs/1993/Ramirez - El Gallinero (Original Mix).mp3	parens
songs/1993/Ramirez - El Gallinero (Tambalea Mix).mp3	parens
songs/1993/Ramirez - Orgasmico (Short).mp3	parens
songs/1993/Ramirez - Terapia (D.J. Ricci Mix).mp3	parens
songs/1993/Robin S - Show Me Love (StoneBridge Club Mix).mp3	parens
songs/1993/Steam System - Barraca Destroy (Remix Barraca Mas).mp3	parens
songs/1993/T.I.R. - Computer Dreams (Techno Mix).mp3	parens
songs/1993/The Connells - '74-'75 (Album Version).mp3	apostrophe,parens
songs/1993/The Immortals - Mortal Kombat (Hypnotic House 7_ Mix) (duplicated 2019-09-10T16_31_40).mp3	parens
songs/1993/The Immortals - Mortal Kombat (Mortal Kombat Mix).mp3	parens
songs/1993/The Immortals - Mortal Kombat (Techno-Syndrome 12_ Mix).mp3	parens
songs/1993/The Immortals - Mortal Kombat (Techno-Syndrome 7_ Mix).mp3	parens
songs/1993/The Proclaimers - I'm Gonna Be (500 Miles).mp3	apostrophe,parens
songs/1993/U 96 - Love Sees No Colour (Version 2).mp3	parens
songs/1993/Virtualmismo - Mismoplastico (Original Rmx).mp3	parens
songs/1993/Whigfield - Saturday Night (Dida Mix).mp3	parens
songs/1993/Whigfield - Saturday Night (Short).mp3	parens
songs/1993/Zentral - Que Idea ! (Original Mix).mp3	parens
songs/1994/2 Brothers On The 4th Floor - Dreams (Will Come Alive).mp3	parens
songs/1994/20 Fingers - Short Dick Man (Danny rmx).mp3	parens
songs/1994/20 Fingers - Short Dick Man (Uncensored Version).mp3	parens
songs/1994/3'14.16 - Pi (Comercial Edit).mp3	apostrophe,parens
songs/1994/6-Pack - Drunken Piece Of Shit (Mix 1) (2).mp3	parens
songs/1994/A.M. Morales - I'd Do Anything For Love (Medley Castillo Del Fuego) (Club Mix).mp3	apostrophe,parens
songs/1994/Bandido - I Drove All Night (Club Mix).mp3	parens
songs/1994/Cabballero - Hymn (Radio Trance Mix).mp3	parens
songs/1994/Cabballero - Hymn (Trance Club Mix) (1).mp3	parens
songs/1994/Charly Lownoise and Mental The - Wonderfull Days (Rotterdam Mix).mp3	parens
songs/1994/Chasis by Ricardo F - 1 2 3 (Sin Chasis).mp3	parens
songs/1994/Classic Stage - Music For A Found Harmonium (Base Version).mp3	parens
songs/1994/Committe - Trance Line (Original Version).mp3	parens
songs/1994/Control - Representative (Original Version).mp3	parens
songs/1994/Dagon - The Spirit (Summer).mp3	parens
songs/1994/Datura Featuring Steve Strange - El Sueno (Nagual 1).mp3	parens
songs/1994/Digital Sappers - Out Of Control (Control Mix).mp3	parens
songs/1994/DJ Franky Jones - Overwhelming Rain (Jones & Stephenson Mix).mp3	ampersand,parens
songs/1994/DJ Rope & Marco Bailey - Be Free (Wavesong Mix).mp3	ampersand,parens
songs/1994/DJ Sylvan - Guitar Spell (Mix One).mp3	parens
songs/1994/DJ' J.J.C.R. - Techno Remix.mp3	apostrophe
songs/1994/Doctor X - The Fly Is Still Alive (Original).mp3	parens
songs/1994/Double You - Run To Me (Album Mix).mp3	parens
songs/1994/Double You - Run To Me (Original Extended Mix).mp3	parens
songs/1994/Dr. Alban - Look Who's Talking (Long 12_).mp3	apostrophe,parens
songs/1994/Duki Base & DJ Tech (2) - Toka Toka La Mia... ! (Dukino Mix).mp3	ampersand,parens
songs/1994/Dyewitness And The Nightraver Featuring DJ Trevor & MC Cyclone - The Future (Original Mix).mp3	ampersand,parens
songs/1994/Eliminator - Mega-Hertz (Part 1).mp3	parens
songs/1994/G.E.M. - I Feel You Tonight (Ci Ci Version).mp3	parens
songs/1994/G.E.M. - I Feel You Tonight (One Groove Version).mp3	parens
songs/1994/Global Mission - Get It Right (Original Version).mp3	parens
songs/1994/Hermes House Band - I Will Survive (Radio Edit).mp3	parens
songs/1994/High Density - Fader (Kastigo Mix).mp3	parens
songs/1994/Ice Bonfire - Eyes On You (Extended Version).mp3	parens
songs/1994/ICE MC - It's A Rainy Day (Euro Club Mix).mp3	apostrophe,parens
songs/1994/ICE MC - Think About The Way (Extended Mix).mp3	parens
songs/1994/ICE MC - Think About The Way (Radio Mix).mp3	parens
songs/1994/Intergroup - Pastillastico (Original Mix).mp3	parens
songs/1994/J.K. - You & I (Full Version).mp3	ampersand,parens
songs/1994/Jesse Lee Davis - Like A Flame (Legoland Rave Mix).mp3	parens
songs/1994/Jones & Stephenson - The First Rebirth (Original Remastered Mix) BEATPORT_8451929.mp3	ampersand,parens
songs/1994/Jopan - Ghost (Original).mp3	parens
songs/1994/Karnak - I'm Sorry (Original Version).mp3	apostrophe,parens
songs/1994/Kike Boy - Farmatrón (Short).mp3	parens
songs/1994/Komakino - Feel The Melodee (Techno Club Mix).mp3	parens
songs/1994/Kubyk - Tic-Tic-Tara (Mix).mp3	parens
songs/1994/La Bouche - Sweet Dreams (Club Mix).mp3	parens
songs/1994/La Bouche - Sweet Dreams (Radio).mp3	parens
songs/1994/Lalene - The Best (Disco In Town Mix).mp3	parens
songs/1994/Lalene - The Best (Radio Edit).mp3	parens
songs/1994/Lauren Liric - Requiem (Dance).mp3	parens
songs/1994/Lauren Liric - Requiem (Instrumental).mp3	parens
songs/1994/Le Click - Tonight Is The Night (Dance Mix).mp3	parens
songs/1994/Legend B. - Lost In Love (Sysex Style Mix).mp3	parens
songs/1994/Level 10 - Radioactivited (Bonus).mp3	parens
songs/1994/Level 10 - Radioactivited (Dub Mix).mp3	parens
songs/1994/Level 10 - Radioactivited (Extended).mp3	parens
songs/1994/Liquid - Liquid Love (Original Mix).mp3	parens
songs/1994/Lunatic Asylum - The Meltdown (Original Mix).mp3	parens
songs/1994/Luxor - The Big Bang (Non Eric Remix).mp3	parens
songs/1994/Masoko Solo - Pessa Pessa (DJ Cerla's 172 BPM Rave Mix).mp3	apostrophe,parens
songs/1994/Masterboy - Feel The Heat Of The Night (Shark Mix).mp3	parens
songs/1994/Masterboy - Feel The Heat Of The Night (Sunshine Mix).mp3	parens
songs/1994/Masterboy - I Got To Give It Up (Get Away Mix).mp3	parens
songs/1994/Metro - Metrobass (Mixed 95).mp3	parens
songs/1994/Mo-Do - Eins, Zwei, Polizei (Akkappella).mp3	parens
songs/1994/Mo-Tune - Infinite Climax (Original Mix).mp3	parens
songs/1994/Mo.Do - Eins, Zwei, Polizei (Gendarmerie Mix).mp3	parens
songs/1994/Mo.Do - Eins, Zwei, Polizei (Radio Mix).mp3	parens
songs/1994/Molella - Change (Instrumental Mix).mp3	parens
songs/1994/Molella - Change (Original Mix).mp3	parens
songs/1994/Molella - Change (Radio Mix).mp3	parens
songs/1994/Netzwerk - Passion (Borealis Mix).mp3	parens
songs/1994/Ororo - Zombie (Renaissance Version).mp3	parens
songs/1994/Ororo - Zombie (Short).mp3	parens
songs/1994/Paco Pil - Dimensión Divertida (Recreo Version).mp3	parens
songs/1994/Paco Pil - Johnny Techno Ska (+SKA).mp3	parens
songs/1994/Playahitty - The Summer Is Magic (Gambrinus Club Mix).mp3	parens
songs/1994/Playahitty - The Summer Is Magic (Original Radio Mix).mp3	parens
songs/1994/Prodigy, The - Voodoo People (Pendulum Remix).mp3	parens
songs/1994/Queen - Don't Stop Me Now.mp3	apostrophe
songs/1994/Quench - Dreams (Radio Edit).mp3	parens
songs/1994/Quench - Dreams (Space Mix).mp3	parens
songs/1994/Raver's Nature - Suck Us.mp3	apostrophe
songs/1994/Raver's Nature - Tricky Symphony.mp3	apostrophe
songs/1994/Safety House - Come On Baby (Club Mix).mp3	parens
songs/1994/Saturnia - To The Moon (Sideral Mix).mp3	parens
songs/1994/Scorpia La Central Del Sonido - Hypnose (By DJ Frank).mp3	parens
songs/1994/Scorpia La Central Del Sonido - Hypnose (Short).mp3	parens
songs/1994/Scott Brown & Darrien Kelly - Geleihoofd.mp3	ampersand
songs/1994/Status - Break The Silence (Piano Mix).mp3	parens
songs/1994/Stereotherapy - Stereotherapy (La Otra).mp3	parens
songs/1994/Stereotherapy - Stereotherapy (La Penultima).mp3	parens
songs/1994/Sunbeam - High Adventure (Scrounger Mix).mp3	parens
songs/1994/Sunbeam - Outside World (Original Mix).mp3	parens
songs/1994/Sunbeam - Outside World (Seismic Remix).mp3	parens
songs/1994/Taleesa - I Found Luv (Club Mix).mp3	parens
songs/1994/Taleesa - I Found Luv (Energy Mix).mp3	parens
songs/1994/Taleesa - I Found Luv (Time Mix).mp3	parens
songs/1994/Tambourines - Unknown (Original Mix).mp3	parens
songs/1994/Tambourines - Unknown (Remix 95).mp3	parens
songs/1994/The Daedalus Project - Extatic Trance (Original).mp3	parens
songs/1994/The King Of House - Semental (Original Version).mp3	parens
songs/1994/The Mover & Rave Creator - Atmos-Fear.mp3	ampersand
songs/1994/The O.T. Quartet - Hold That Sucker Down (Radio Edit).mp3	parens
songs/1994/Traumatic - Acid Voices (Higher).mp3	parens
songs/1994/Turbulence 'N' Terrorists - 6 Million Ways To Die.mp3	apostrophe
songs/1994/WestBam - Wizards Of The Sonic (C.J. Boland Remix).mp3	parens
songs/1994/WestBam - Wizards Of The Sonic (Westbam Remix).mp3	parens
songs/1995/2 Fabiola - Play This Song (Transformix).mp3	parens
songs/1995/2 Unlimited - Here I Go (X-Out In Club).mp3	parens
songs/1995/Aldus Haza - Hey A Wa (Rare Version).mp3	parens
songs/1995/Alexia - Me And You (Extended Euromix).mp3	parens
songs/1995/Andreas Dorau - Stoned Faces Don't Lie.mp3	apostrophe
songs/1995/Andy - Boombastic (Fast Version).mp3	parens
songs/1995/Antaris In Cooperation With Casseopaya - Musicmaker (Postman Mix).mp3	parens
songs/1995/Back & Stay - Fire (12_ Original).mp3	ampersand,parens
songs/1995/Blast F.X. - Black, Yellow & Red (Primal Mix).mp3	ampersand,parens
songs/1995/Candy Girls Featuring Sweet Pussy Pauline - Fee Fi Fo Fum (12 Mix) (2).mp3	parens
songs/1995/Candy Girls Featuring Sweet Pussy Pauline - Fee Fi Fo Fum (12 Mix).mp3	parens
songs/1995/Candy Girls, Sweet Pussy Pauline - Fee Fi Fo Fum - Tea Party Mix (2).mp3	parens
songs/1995/Cherry Coke - No Hagas El Indio, Haz El Cherokee (Original Version).mp3	parens
songs/1995/Chosen Few - Name Of The DJ (Short).mp3	parens
songs/1995/Code-16 - Mystery (Part One Long).mp3	parens
songs/1995/Commander Tom - Are Am Eye (Commander Club Dub).mp3	parens
songs/1995/Commander Tom - Are Am Eye (Original 12_).mp3	parens
songs/1995/Commander Tom - Are Am Eye (Single Edit).mp3	parens
songs/1995/Corona - Baby Baby (Lee Marrow Extended Mix).mp3	parens
songs/1995/Corona - Baby Baby (Lee Marrow Radio Mix).mp3	parens
songs/1995/CYB - Now! (Play Mix).mp3	parens
songs/1995/Defect - Let Me Go (Guitar Mix).mp3	parens
songs/1995/Diana's - All I Need Is Love (Spherika Remix).mp3	apostrophe,parens
songs/1995/Diana's - All I need is love.mp3	apostrophe
songs/1995/Digital Transfer - Wicked Tuned (2nd Remix Part).mp3	parens
songs/1995/Disco 8 BCN - Back To Eight (Ice Mix).mp3	parens
songs/1995/DJ Cerla & Moratto - Wonder (Licorice Stick Version).mp3	ampersand,parens
songs/1995/DJ Misjah & DJ Tim - Access.mp3	ampersand
songs/1995/DJ Paul Elstak - Luv U More (K & A's Extended Blast).mp3	ampersand,apostrophe,parens
songs/1995/DJ Paul Elstak - Luv U More (K & A's Radio Blast).mp3	ampersand,apostrophe,parens
songs/1995/DJ Scot Project - U (V-Mix).mp3	parens
songs/1995/Double Vision - All Right (Extended Version).mp3	parens
songs/1995/Double You - Dancing With An Angel (Fast Piano Mix).mp3	parens
songs/1995/Dune - Can't Stop Raving (12 Inch Mix).mp3	apostrophe,parens
songs/1995/Dyewitness & The Nightraver - The Future (Original Mix).mp3	ampersand,parens
songs/1995/El Bueno - Perversion (Espacial).mp3	parens
songs/1995/Everything But The Girl - Missing (Todd Terry Club Mix).mp3	parens
songs/1995/EX-3 - Estres (Trans DJ Version).mp3	parens
songs/1995/EX-3 - Ex-P-Cial (EX-3 Version).mp3	parens
songs/1995/EX-3 - Extres (Tic-Tic Base).mp3	parens
songs/1995/Faithless - Insomnia (Dedonatis Remix).mp3	parens
songs/1995/Fraktal 2 - Die Reise (DJ Sylvan Remix).mp3	parens
songs/1995/Fraktal 2 - Die Reise (Dream Team Remix).mp3	parens
songs/1995/Free!! - Maximum Volume (Frank T.R.A.X. Rmx).mp3	parens
songs/1995/G.E.M. - I Wanna Fly (Tutturututu Mix).mp3	parens
songs/1995/Highlander - Hold Me Now (I'm Sorry) (Bass-D & King Matthew Remix).mp3	ampersand,apostrophe,parens
songs/1995/Hitch Hiker & Jacques Dumondt - 2nd Dimension (Live At Future Shock).mp3	ampersand,parens
songs/1995/Hitch Hiker & Jacques Dumondt - Journey Of Love (Long Space Rubber Mix).mp3	ampersand,parens
songs/1995/Hitch-Hiker & Dumont - Journey Of Love (Short Space Rubber Mix).mp3	ampersand,parens
songs/1995/Icon - Electronic Brain (Brain Version).mp3	parens
songs/1995/Icon - Electronic Brain (Electronic Version).mp3	parens
songs/1995/Infectious! - I Need Your Lovin' ('95 Jungle Station Edit).mp3	apostrophe,parens
songs/1995/Inspire - Everybody Jumping (club Mix).mp3	parens
songs/1995/Intrance - Mosquito (Weird).mp3	parens
songs/1995/Invisible Limits - Golden Dreams (Short).mp3	parens
songs/1995/J.Y.D. - Nature (Short).mp3	parens
songs/1995/Jam & Spoon Hands On Yello - You Gotta Say Yes To Another Excess- Great Mission (Uff Die 12-Mix).mp3	ampersand,parens
songs/1995/Jam & Spoon's Hands On Yello - You Gotta Say Yes To Another Excess- Great Mission.mp3	ampersand,apostrophe
songs/1995/Joachim Witt - Goldener Raver (Rave Mix).mp3	parens
songs/1995/Jog - Future (Impulse Version).mp3	parens
songs/1995/Josh Wink - Higher State Of Consciousness (Tweekin Acid Funk).mp3	parens
songs/1995/Julio Posadas - Telefónico (Long Mix).mp3	parens
songs/1995/K Mono - Take My Body (Nu-Mix).mp3	parens
songs/1995/K-Lab - Wild (Funny Mix).mp3	parens
songs/1995/Karnak - Mental-Core (Hard Mix).mp3	parens
songs/1995/KC Flightt - Bang! (Mixmaster Clubmix).mp3	parens
songs/1995/Kike Boy - Basic (Infinity 95).mp3	parens
songs/1995/Kike Boy - I'm The Creator.mp3	apostrophe
songs/1995/Komakino - Can't Stop.mp3	apostrophe
songs/1995/La Bouche - Be My Lover (Club Mix).mp3	parens
songs/1995/La Bouche - Be My Lover (Radio Edit).mp3	parens
songs/1995/La Bouche - Be My Lover (Trance Mix).mp3	parens
songs/1995/Liquid Bass - Nation 2 Nation (Maxi Version).mp3	parens
songs/1995/Luis Junior - Right (You Understand).mp3	parens
songs/1995/M.C. Beto - El Mago (Instrumental).mp3	parens
songs/1995/Mac Acid - Mind Flow (Club Mix).mp3	parens
songs/1995/Mark oh - Thears don't lie.mp3	apostrophe
songs/1995/Masterboy - Generation Of Love (Ipanema Maxi Version).mp3	parens
songs/1995/Me & My - Dub-I-Dub (Club Remix).mp3	ampersand,parens
songs/1995/Motiv8 And Kym Mazelle - Searching For The Golden Eye (The Sharp Dub).mp3	parens
songs/1995/Mulhouse - Rave In The Jungle (Locomotive Version).mp3	parens
songs/1995/Nacho Division - Meditation _Live_ (Fallas 95').mp3	apostrophe,parens
songs/1995/Nasty Django - Hardcore Muthafucka (2).mp3	parens
songs/1995/Natural Born Grooves - Groovebird (Original).mp3	parens
songs/1995/Netzwerk - Memories (Extended 12_ Mix).mp3	parens
songs/1995/New Balance - Up & Down.mp3	ampersand
songs/1995/New Limit - Scream (Mix).mp3	parens
songs/1995/New System - This Is The Night (Club Mix).mp3	parens
songs/1995/Newton - Streamline (Hard Mix).mp3	parens
songs/1995/Nina - The Reason Is You (Tranceformer Extended Mix).mp3	parens
songs/1995/Nina - The Reason Is You (Tranceformer Radio Mix).mp3	parens
songs/1995/No Comment!! - Dynamite (Radio Edit).mp3	parens
songs/1995/Phi-Phi & Greg D. - Jesus Trip (Christianity Mix).mp3	ampersand,parens
songs/1995/R.O.D. - Free Your Soul (Free Your Soul Mix).mp3	parens
songs/1995/Ramirez - Baraonda (D.J. Ricci Adrenalina Mix).mp3	parens
songs/1995/Ramirez - El Gallinero (AXIS Remix).mp3	parens
songs/1995/Ricardo F. - Natalie (Chasis Mix).mp3	parens
songs/1995/Ricardo F. present Chasis - Whispers (Vox Mix).mp3	parens
songs/1995/RMB - Love Is An Ocean (Stephenson-Rmx).mp3	parens
songs/1995/Robert Miles - Children (Dream Mix) (Clean).mp3	parens
songs/1995/Robert Miles - Children (Dream Version Special Radio Edit).mp3	parens
songs/1995/Roughage 5 - Scanned State (Short).mp3	parens
songs/1995/Saint Etienne - He's On The Phone.mp3	apostrophe
songs/1995/Scanners - Pure (Full Mix).mp3	parens
songs/1995/Scanners - Pure (Original Dance Mix).mp3	parens
songs/1995/Scanners - Pure (Original Extended Mix).mp3	parens
songs/1995/Scanners - Pure (Original Radio Edit).mp3	parens
songs/1995/Scatman John - Scatman's World (Club Mix).mp3	apostrophe,parens
songs/1995/Sensity World - Get It Up (Dance Version).mp3	parens
songs/1995/Spectrum - Take On Me (On Mix).mp3	parens
songs/1995/Star Wash - Disco Fans (Star Wash Mix).mp3	parens
songs/1995/Station 27 - Deutsch Bass (Loudness Mix).mp3	parens
songs/1995/Station 27 - Deutsch Bass (Original Mix).mp3	parens
songs/1995/Station 27 - Deutsch Bass (Short).mp3	parens
songs/1995/Taleesa - Let Me Be (Full Vocal Mix).mp3	parens
songs/1995/Team D.J. Metro - Question (Remix 95).mp3	parens
songs/1995/Tenessee - Tell Me (Mix Version).mp3	parens
songs/1995/The Art Of Trance - Octopus (Original Mix).mp3	parens
songs/1995/The King Of House - The Bird (Original Version).mp3	parens
songs/1995/The Prodigy - One Love (Edit).mp3	parens
songs/1995/The Rhythm Anten & D.J. Logan - D! Zone (Re-Action Mix).mp3	ampersand,parens
songs/1995/The Tord - How Do You Say Yeah (140 BPM Mix).mp3	parens
songs/1995/Tony Salmonelli - Hey! (Buzzy's Ragga Mix).mp3	apostrophe,parens
songs/1995/Warris & Fly - Life On Mars (Marrs Remix).mp3	ampersand,parens
songs/1995/Watchmaker - The Base (Be Quiet).mp3	parens
songs/1995/Watchmaker - Tic Tic Tara (Remix 95).mp3	parens
songs/1995/Whigfield - Think Of You (Extended Version).mp3	parens
songs/1995/Whigfield - Think Of You (Short).mp3	parens
songs/1995/Wippenberg - Neurodancer (Original Version).mp3	parens
songs/1995/Yoly - To France (Cut).mp3	parens
songs/1995/Z100 - Arrivarriva (Arriva Mix).mp3	parens
songs/1995/Zentral - Alarm (Original Version).mp3	parens
songs/1996/2 Fabiola - Lift U Up (Radio Mix).mp3	parens
songs/1996/3 Factors - A Great Nice Dream (Instrumental Dream).mp3	parens
songs/1996/3 L Ments - Dis Flute (Song 2 Days).mp3	parens
songs/1996/3 Steps Ahead - Drop It (Happy Mix).mp3	parens
songs/1996/A-Tension - Angels (Extended).mp3	parens
songs/1996/A-Tension - Angels (Mr Thomp Hardfloor Mix).mp3	parens
songs/1996/Alarm - Alarm (Extended Version).mp3	parens
songs/1996/Alarm - Alarm (Remix By Dr. Aquil).mp3	parens
songs/1996/Albion - This Is For (Club Mix).mp3	parens
songs/1996/Aldus Haza - Moon Music (duplicated 2019-09-11T10_05_10).mp3	parens
songs/1996/Alexia - Summer Is Crazy (Classic Euro Mix).mp3	parens
songs/1996/Alexia - Summer Is Crazy (Radio Mix).mp3	parens
songs/1996/Alexia Featuring Double You - Me & You (Extended Euromix).mp3	ampersand,parens
songs/1996/Amadeus - minuet 160 (First Version).mp3	parens
songs/1996/Amadeus - minuet 160 (Salieri's Dream).mp3	apostrophe,parens
songs/1996/Amadeus - minuet 160 (Short Version).mp3	parens
songs/1996/Anonim Featuring Cyberia - Anonim (Up Mix).mp3	parens
songs/1996/B-Side - Ideal (Original Version).mp3	parens
songs/1996/B-Voice - Eternity (Original-Mix).mp3	parens
songs/1996/B.P.M. System - C'est Si Bon.mp3	apostrophe
songs/1996/Backstreet Boys - Quit Playing Games (With My Heart).mp3	parens
songs/1996/Bakesky - Melodream (Extended Version).mp3	parens
songs/1996/Bolo & Uri - X-Perience.mp3	ampersand
songs/1996/Bonustrack By David _Con G_ - Basic Theme (Total Mix).mp3	parens
songs/1996/Brain - Something for your mind (Inject mix).mp3	parens
songs/1996/Brainvibe II - It's Hot (Wippenberg Mix).mp3	apostrophe,parens
songs/1996/Catchy Tune - Generation Of Love (Club Mix).mp3	parens
songs/1996/Catchy Tune - Generation Of Love (Radio-Edit).mp3	parens
songs/1996/Celestial - The Light (Nasty Mix).mp3	parens
songs/1996/Charly Lownoise & Mental Theo - Your Smile (Radio Edit).mp3	ampersand,parens
songs/1996/Chimo Bayo - Búscala (Instrumental).mp3	parens
songs/1996/Chimo Bayo - Buscala (Radio Edit).mp3	parens
songs/1996/Christian Soncini - Your Body (Webmasters Rmx).mp3	parens
songs/1996/Chuping Dance - Banzai Chupa Chups (Sweet Spanish version).mp3	parens
songs/1996/CJ Rolo - Dreams (C.J. Version).mp3	parens
songs/1996/CJ Rolo - Dreams (Plain Version).mp3	parens
songs/1996/Code-20 - Progressive Attack (Hardtrance Mix).mp3	parens
songs/1996/Code-27 - Got To Be Better (Stepp Off Mix).mp3	parens
songs/1996/Colet + LSP - Planet Of Acid (Progressiv Mix).mp3	parens
songs/1996/Critical Mass - Happy Generation (Extended Mix).mp3	parens
songs/1996/Critical Mass - Happy Generation (Radio Edit).mp3	parens
songs/1996/D.J. Skudero - Kript-On (First Version).mp3	parens
songs/1996/D.J. Skudero - Kript-On (Original Paranoid).mp3	parens
songs/1996/D.J. Skudero - Kript-On (Paranoid Remix) (1).mp3	parens
songs/1996/D.J. Skudero - Kript-On (Paranoid Remix).mp3	parens
songs/1996/Das Xon & Space Boy - Too Loud To Handle.mp3	ampersand
songs/1996/Datura - Angeli Domini (Soul sacrifice).mp3	parens
songs/1996/Defcon 3 - Let Yourself Go (V.0.1).mp3	parens
songs/1996/Diamonds - Diamonds (Club Mix).mp3	parens
songs/1996/DJ Iao - Let's Move Those Feet (Extended).mp3	apostrophe,parens
songs/1996/DJ Klem - Elektra (Remix).mp3	parens
songs/1996/DJ Konik + M.C. Redy - Velocity (Kapital Version).mp3	parens
songs/1996/DJ Noize - Braindead (Club Brain).mp3	parens
songs/1996/DJ Pascal vs. Rave Club - High Volume (Original Mix).mp3	parens
songs/1996/DJ Quicksilver - Bingo Bongo (Club Mix).mp3	parens
songs/1996/DJ Richard & Johnny Bass - The Sound Of Ooo (Short).mp3	ampersand,parens
songs/1996/DJ Richard & Johnny Bass - The Sound Of OOO.mp3	ampersand
songs/1996/DJ Roman - House Is Mine (Acid House Mix).mp3	parens
songs/1996/DJ Sammy Feat. Carisma - You're My Angel (Original Radio Mix).mp3	apostrophe,parens
songs/1996/DJ Scot Project - U (De Zenk-Mix).mp3	parens
songs/1996/DJ Silvan - Adonai (Party Mix) [Equalization 2].mp3	brackets,parens
songs/1996/DJ Silverado - Boing (Club Mix Original).mp3	parens
songs/1996/DJ Skryker - Impact (C.J. Rolo Remix).mp3	parens
songs/1996/DJ. Bolo & DJ. Uri - X-Perience.mp3	ampersand
songs/1996/DJ's At Work - Balloon (El Globo) (Techno Mix).mp3	apostrophe,parens
songs/1996/DJ's Factory - Beat 'Em Up (Base Version).mp3	apostrophe,parens
songs/1996/Doomsday - A Whiter Shade Of Pale (Main Mix).mp3	parens
songs/1996/Dr. Kucho! - Put The Needle On The Record (Dub Mix).mp3	parens
songs/1996/Dr. Who Remix By DJ Skudero - Extasia (Original).mp3	parens
songs/1996/Dr. Who Remix By DJ Skudero - Extasia (Remix).mp3	parens
songs/1996/Dream Plant - The Mighty Machine (The Kinki Roland Remix).mp3	parens
songs/1996/Ducted's - Ducted (Remix).mp3	apostrophe,parens
songs/1996/Einstein Doctor DJ - Back From Galactika (Mururoa Mix).mp3	parens
songs/1996/EX-3 - Extres (Trans-DJ Version).mp3	parens
songs/1996/Experience - The Sound Effect (Club Mix).mp3	parens
songs/1996/Experience - The Sound Effect (Normal Mix).mp3	parens
songs/1996/Extra - La Pin (Dith Wemyd Version).mp3	parens
songs/1996/Extra - La Pin (Fiesta Version).mp3	parens
songs/1996/Faithless - Salva Mea (Epic Mix).mp3	parens
songs/1996/Fifteen Of May - Forever (Dance Version).mp3	parens
songs/1996/Flanger - Spanish Fantasy (Happy Sunrise Mix).mp3	parens
songs/1996/Florida 135 - The Language Of Rhythm (Main Room Mix).mp3	parens
songs/1996/Fraktal - Happy Days (With Voice).mp3	parens
songs/1996/Fraktal 3 - Happy Days (DJ's At Work Rmx).mp3	apostrophe,parens
songs/1996/Free!! - This Groove (Basic Groove).mp3	parens
songs/1996/Future - My First Song (DJ Richard & Johnny Bass Version).mp3	ampersand,parens
songs/1996/Gala - Freed From Desire (Full Vocals Mixx).mp3	parens
songs/1996/GiGi D`Agostino - GiGi's Violin (Radio Edit).mp3	apostrophe,backtick,parens
songs/1996/Good Boys - Killer Pig (Babe Is Dead).mp3	parens
songs/1996/Good Boys - Save Your Love (Cut).mp3	parens
songs/1996/Good Boys - Save Your Love (Freak Version).mp3	parens
songs/1996/Hyper-Active - Guitar Active (Original Version).mp3	parens
songs/1996/Hyper-Active - Reactive (Hiper Version).mp3	parens
songs/1996/Icon - Get On Up (One Version).mp3	parens
songs/1996/Icon - Get On Up (Original Version).mp3	parens
songs/1996/Icon - Kanon (Original Version).mp3	parens
songs/1996/Ilogic - Why (Epic Version).mp3	parens
songs/1996/Imperio - Atlantis (Radio Mix).mp3	parens
songs/1996/Imperio - Cyberdream (Cyber Club Mix).mp3	parens
songs/1996/Imperio - Cyberdream (Cyber Video Mix) (1).mp3	parens
songs/1996/Inspire II - Basespire (Dith Mix).mp3	parens
songs/1996/Inspire II - La Subida (Original Mix).mp3	parens
songs/1996/John Wesley - Lover Why (Extended Mix).mp3	parens
songs/1996/John Wesley - Lover Why (Single Mix).mp3	parens
songs/1996/Josh Butler - Got A Feeling (Bontan Remix) (Pleasurekraft Edit).mp3	parens
songs/1996/Karry & DJ Tururu - Calm The Rage.mp3	ampersand
songs/1996/Kolmenero - Back To The O.V.N.I. Sound (Ovni Version).mp3	parens
songs/1996/Kolmenero - Back To The O.V.N.I. Sound (Short).mp3	parens
songs/1996/Korpus - Indie (Definitive Version).mp3	parens
songs/1996/Korpus - Rainbow (Short).mp3	parens
songs/1996/Lady Dana & DJ Skorp vs. Chronotrigger - Devistating Rythm.mp3	ampersand
songs/1996/Laurent Garnier - The Hoe (DJ Gigolo Hell 3 Mix).mp3	parens
songs/1996/Laurent Garnier - The Hoe (Nuthin' Mix).mp3	apostrophe,parens
songs/1996/Legend B - Lost in Love (Original Mix).mp3	parens
songs/1996/Libido - The Second Coming (Tony De Vit Mix).mp3	parens
songs/1996/Libra Presents Taylor - Anomaly (Calling Your Name).mp3	parens
songs/1996/Los Pablos - It's a Dream (Evolution Dream Mix).mp3	apostrophe,parens
songs/1996/Madison Kid's - Time To Sing (Baldo's Radio).mp3	apostrophe,parens
songs/1996/Marc Farris - Don't Leave Me This Way (Long Cut).mp3	apostrophe,parens
songs/1996/Marshall Masters - Stereo Murder (The Rave Creator's Final Warning!).mp3	apostrophe,parens
songs/1996/Masoko Solo - Pessa Pessa (DJ Promo Remix).mp3	parens
songs/1996/Masoko Solo - Pessa Pessa (Prophet's Mix).mp3	apostrophe,parens
songs/1996/Montini Experience III - The Box (Extended Mix).mp3	parens
songs/1996/Nacho Division - Controla-2 (Short).mp3	parens
songs/1996/Nando Dixkontrol - Music For The Children (Kindergarden Version).mp3	parens
songs/1996/Nasara - One Of Us (Another Mix).mp3	parens
songs/1996/Nasara - One Of Us (Club Mix).mp3	parens
songs/1996/Nau B-3 - El Bosque (De Colores).mp3	parens
songs/1996/New Limit - Lies (Radio Edit).mp3	parens
songs/1996/No Doubt - Don't Speak.mp3	apostrophe
songs/1996/Nostrum - Brainchild (Original).mp3	parens
songs/1996/Nylon Moon - Sky Plus (Only Melody).mp3	parens
songs/1996/Object One - Ping Pong (Basic Track).mp3	parens
songs/1996/Object One - Ping Pong (Fast Remix Track).mp3	parens
songs/1996/Object One - Ping Pong (Fast Track).mp3	parens
songs/1996/Over 2 - Rhythm Of Wind (DJs Mix).mp3	parens
songs/1996/Pachelbel - Canon in D (Piano Solo).mp3	parens
songs/1996/Paranoic Situation - Paranoic Situation (Mix 1).mp3	parens
songs/1996/Pastis & Buenri - Pildo (Raya Version).mp3	ampersand,parens
songs/1996/Pastis & Buenri - Pildo (Space Version).mp3	ampersand,parens
songs/1996/PG2 - Hey Heeey (Remix).mp3	parens
songs/1996/Phrenetic System - Coming Up Strong (B).mp3	parens
songs/1996/Pianonegro - In Africa (Old World Mix).mp3	parens
songs/1996/Piero Zeta - The Gold Bug (Extended Synt Mix).mp3	parens
songs/1996/R.A.F. By Picotto - Ocean Whispers (Dream House Mix).mp3	parens
songs/1996/R.O.D. - Flight 777 (Boeing Mix).mp3	parens
songs/1996/Rave Creator - A New Mind (Cold Rush Phuture Mix).mp3	parens
songs/1996/Rebeca - Duro De Pelar (Extended - Nu Nrg Mix).mp3	parens
songs/1996/Rebeca - Duro De Pelar (Radio Edit).mp3	parens
songs/1996/Reflection 4 - Tic Tac (Original Mix).mp3	parens
songs/1996/Rene & Peran - Give It To Me (Dub Version).mp3	ampersand,parens
songs/1996/René & Peran - Give It To Me (Extended).mp3	ampersand,parens
songs/1996/Republica - Ready To Go (Album Version).mp3	parens
songs/1996/RMB - Spring (Straight Mix).mp3	parens
songs/1996/RMB - Spring (Video Mix) (2).mp3	parens
songs/1996/RMB - Spring (Vocal Mix).mp3	parens
songs/1996/Robert Miles - Children (Original Version).mp3	parens
songs/1996/Robert Miles - Fable (Dream Version).mp3	parens
songs/1996/Robert Miles Feat. Maria Nayler - One And One (Robert Miles Radio Version).mp3	parens
songs/1996/Sash! - Encore Une Fois (Future Breeze).mp3	parens
songs/1996/Sensity World - The World Won't Stop (Dance Version).mp3	apostrophe,parens
songs/1996/Sheila - Summer Dream Of Love (Radio Mix).mp3	parens
songs/1996/Sistema 3 - Grazing The Over (Inspire Mix) (DJ. Silvan Remix).mp3	parens
songs/1996/Sistema 3 - Grazing The Over (Inspire Mix).mp3	parens
songs/1996/Sistema 3 - Grazing The Over (Ok Mix).mp3	parens
songs/1996/Sistema 3 - Listen Fiesta (Aldus Haza Remix).mp3	parens
songs/1996/Sistema 3 - Tira (DJ Richard & Johnny Bass Rmx).mp3	ampersand,parens
songs/1996/Sistema 3 - Tira (DJ's At Work Rmx).mp3	apostrophe,parens
songs/1996/Sistema 3 - To The House Beat (Arriba Arriba).mp3	parens
songs/1996/Speed Limit - Don't Give Me Up (Voice Mix).mp3	apostrophe,parens
songs/1996/Speed Limit - Paradise (Club Mix).mp3	parens
songs/1996/Speed Limit - Paradise (Radio Mix).mp3	parens
songs/1996/Speed Limit - Remember (Speed Mix).mp3	parens
songs/1996/Spice Girls - Say You'll Be There.mp3	apostrophe
songs/1996/Spice Girls - Wannabe (2).mp3	parens
songs/1996/Spirit - Spirit Voices (Heaven Mix).mp3	parens
songs/1996/Spirit - Spirit Voices (Hell Mix).mp3	parens
songs/1996/Status - The Ballad Of Jet Harris (Spell Version).mp3	parens
songs/1996/Sting - I'm So Happy I Can't Stop Crying.mp3	apostrophe
songs/1996/Synapsys - Moonriver (v).mp3	parens
songs/1996/Synchro - Illogical Simmetry (Original Mix).mp3	parens
songs/1996/Tambourines - Unknown (Remix 96).mp3	parens
songs/1996/Televission - Some Come In (Progressive Remix).mp3	parens
songs/1996/Terminal - Poem Without Words ( Remix 96).mp3	parens
songs/1996/The King of House - Drum Fire (Original).mp3	parens
songs/1996/Three 'N One - Reflect (Original Club Mix).mp3	apostrophe,parens
songs/1996/Two Concepts - Attraction (2).mp3	parens
songs/1996/Two Deejays - The Cat (El Gato) (DJ Richard & Johnny Bass Version).mp3	ampersand,parens
songs/1996/Two Deejays - The Cat (El Gato) (Sistema 3 Version).mp3	parens
songs/1996/Two Deejays - The Cat (El Gato).mp3	parens
songs/1996/Two Good - Happy Moment (Extended Version).mp3	parens
songs/1996/Two Good - Happy Moment (No Voice Version).mp3	parens
songs/1996/Ultimate Seduction - The Ultimate Seduction' 96.mp3	apostrophe
songs/1996/Valoy - Faith (The Soul Mix).mp3	parens
songs/1996/Various - X-Emption (Mandala Remix).mp3	parens
songs/1996/Vienna - Vienna (Special Mix).mp3	parens
songs/1996/Virtual Tracks - I Can't Stop (Original Mix).mp3	apostrophe,parens
songs/1996/Wippenberg - Neurodancer (Mrs Wood & White Remix).mp3	ampersand,parens
songs/1996/X-Ander - Musika! (Stopp Die Ruhe) Dream Mix.mp3	parens
songs/1996/X-Perience - A Neverending Dream (Extended Version).mp3	parens
songs/1996/X.R.X. - The Fly . Side B'' ( X.R.X ) - X.R.X. - The Fly . Side B'' ( X.R.X ).mp3	apostrophe,parens
songs/1996/Xpose - Another World (Up Mix).mp3	parens
songs/1996/Yello - On Track (Doug Laurent’s First Journey).mp3	parens
songs/1996/Zhi-Vago - Celebrate (The Love) (Radio Version).mp3	parens
songs/1997/2 Eivissa - Oh La La La (Extended Mix).mp3	parens
songs/1997/2 Eivissa - Oh La La La (Radio Mix).mp3	parens
songs/1997/666 - Alarma! (Short).mp3	parens
songs/1997/Absolom - Secret (Extended Vocal).mp3	parens
songs/1997/Alarm - All Around (Short Version).mp3	parens
songs/1997/Alarm - Klax-On (Original Mix).mp3	parens
songs/1997/Alien Factory - Anytime, Anyplace (Original Edit).mp3	parens
songs/1997/Alien Factory - Beta Music '97 (Brain Brother Mix).mp3	apostrophe,parens
songs/1997/Anonim - Anonim-2 (Cut Mix).mp3	parens
songs/1997/Anonim - Anonim-2 (Up Mix).mp3	parens
songs/1997/Anonim - Anonimak (Track Mix).mp3	parens
songs/1997/Anonim - Moskito (Raid Version).mp3	parens
songs/1997/Aqua - Lollipop (Candyman).mp3	parens
songs/1997/Arkimed - L'Ultimo Dei Mohicani (Mix 1).mp3	apostrophe,parens
songs/1997/Arrow - Back in the House (Kai Tracid Mix).mp3	parens
songs/1997/Arterial - Evolution (Original Version).mp3	parens
songs/1997/Astroline - Take Good Care (DJ Bart Extended).mp3	parens
songs/1997/Atmospheric - Check U'Self.mp3	apostrophe
songs/1997/Atmospheric - Oxigene (Hard Rave Version).mp3	parens
songs/1997/Atmospheric - Oxigene (Short Version).mp3	parens
songs/1997/Atmospheric - Rendez Vous (Part IV).mp3	parens
songs/1997/Ator & Axel - Drop The Base.mp3	ampersand
songs/1997/Ator & Axel - Wicked Beat.mp3	ampersand
songs/1997/B.B.E. - Flash (Radio Mix).mp3	parens
songs/1997/Backstreet Boys - Everybody (Backstreet's Back).mp3	apostrophe,parens
songs/1997/Bass-D & King Matthew - Booze N Drugs.mp3	ampersand
songs/1997/Biospheric - Oxigene (Techno Version).mp3	parens
songs/1997/Biospheric - Rendez-Vous II (Euroversion).mp3	parens
songs/1997/Biospheric - Rendez-Vous II (Rave Version).mp3	parens
songs/1997/Bit 104 DJ's - Excited.mp3	apostrophe
songs/1997/Bit 104 DJ's - I wanna hard.mp3	apostrophe
songs/1997/Bit 104 DJ's - Time X.mp3	apostrophe
songs/1997/Black Knight - Back To Tha ''O'' School.mp3	apostrophe
songs/1997/Bolo & Uri - X-Torsion.mp3	ampersand
songs/1997/Bubbles - Bidibodi Bidibu (K-psula Remix).mp3	parens
songs/1997/Buzz Fuzz - Dreamgirl (Just A Dream Remix).mp3	parens
songs/1997/Chasis Feat. Ricardo F - Crazy Duck (None).mp3	parens
songs/1997/Chasis Feat. Ricardo F - Crazy Duck (Short).mp3	parens
songs/1997/Chosen Few - Name Of The DJ (BuzzFuzz Mix).mp3	parens
songs/1997/Chosen Few - Name Of The DJ (Original Mix).mp3	parens
songs/1997/Chumbawamba - Tubthumping (Original Mix).mp3	parens
songs/1997/Cixx vs. Vinyl Junk, The - Bounce 'N Shake.mp3	apostrophe
songs/1997/Composer Tracks - Fall Down (DJ Composer Remix).mp3	parens
songs/1997/Composer Tracks - This Is A Dream (DJ Composer Remix).mp3	parens
songs/1997/Composer Tracks - This Is A Dream (Short).mp3	parens
songs/1997/Composser Traks - Fall Down (DJ Composser Remix).mp3	parens
songs/1997/Concepito - Sun Days (Double Coffe Mix).mp3	parens
songs/1997/Creatures In The Night - Thunderhouse (Creatures Version).mp3	parens
songs/1997/Cyberia - Netherworld (Original Mix).mp3	parens
songs/1997/D-Project - Radical (Duble Version).mp3	parens
songs/1997/D. Trance - Springworld (Cocooma Remix).mp3	parens
songs/1997/D.J. Bolo & D.J. Uri - X-Plosive.mp3	ampersand
songs/1997/D.J. Piyuli - Zoom (Original Zoom Mix).mp3	parens
songs/1997/Darrien Kelly And Attic & Stylzz - Beaten Like A Bitch.mp3	ampersand
songs/1997/De Bos - On The Run (Short).mp3	parens
songs/1997/Dea-Li - Calling The Angels (Bass Bumpers Remix).mp3	parens
songs/1997/Delirium - Crow To The Prime Meet (Original Version).mp3	parens
songs/1997/Digital Boy - Ok, Allright! (Digital Boy '96 Remix).mp3	apostrophe,parens
songs/1997/Digital Boy - This Is Mutha Fker (Censored Mix).mp3	parens
songs/1997/Dith Wemyd - Attack (Journey Bon Version).mp3	parens
songs/1997/Dith Wemyd - Countdown (From Hamburg) (2).mp3	parens
songs/1997/Dith Wemyd - Countdown (From Hamburg).mp3	parens
songs/1997/Dith Wemyd - Countdown (Original Mix).mp3	parens
songs/1997/DJ Arjuna - Whut'Cha Want.mp3	apostrophe
songs/1997/DJ Bolo & DJ Uri - Crazy Kids.mp3	ampersand
songs/1997/DJ Crack - Space People (Gary D.& Yanny Remix).mp3	ampersand,parens
songs/1997/DJ Crivi & Atom-X  - King Two.mp3	ampersand,repeatedOrEdgeSpace
songs/1997/DJ Jappo - My Love For Her (Not Original).mp3	parens
songs/1997/DJ Jose Histerico & DJ Eric - Twister (Base Version).mp3	ampersand,parens
songs/1997/DJ Kalpa & Marino Stephano - Dream's Harmony (Kosmonova Radio Edit).mp3	ampersand,apostrophe,parens
songs/1997/DJ Manga - Fantasy _Made In Hong Kong_ (Original Mix).mp3	parens
songs/1997/DJ Manga - It's a Dream.mp3	apostrophe
songs/1997/DJ Quicksilver - Bellissima (Radio Edit).mp3	parens
songs/1997/DJ Reche - Don't Work.mp3	apostrophe
songs/1997/DJ Richard & Johnny Bass - Danger (Sistema 3 Version).mp3	ampersand,parens
songs/1997/DJ Richard & Johnny Bass - Danger.mp3	ampersand
songs/1997/DJ Rob & Tim B - Get Set.mp3	ampersand
songs/1997/DJ Tails & Noizer - Boom-Shaka-La.mp3	ampersand
songs/1997/DJ Waxweazle & DJ Berry - Terrordome.mp3	ampersand
songs/1997/DJ Weirdo - Melrodrome (Weird-O-Hardcore Mix).mp3	parens
songs/1997/DJ Weirdo - One Tribes Jam (DJ Promo Mix).mp3	parens
songs/1997/DJ Weirdo & DJ Sim - The Kamikaze.mp3	ampersand
songs/1997/DJ Yanny & The Paragod - Initialize.mp3	ampersand
songs/1997/Doom - Face In The Dark (Original).mp3	parens
songs/1997/Dubbing - Pressure (Fly Version).mp3	parens
songs/1997/E-Rick & Tactic - Rocked Da House.mp3	ampersand
songs/1997/E-Rick & Tactic - Start To Move.mp3	ampersand
songs/1997/Eclipse (18) - Ultraworld 5.mp3	parens
songs/1997/Emphassis - Let's go.mp3	apostrophe
songs/1997/Energy 52 - Café Del Mar (Universal State Of Mind Remix).mp3	parens
songs/1997/Equality - Time (Time Mix).mp3	parens
songs/1997/Ethereal - Confused (First Version).mp3	parens
songs/1997/Ethereal - Confused (P.F Version).mp3	parens
songs/1997/Etienne Picard - Get Up ! (Gary D. & DJ High-Ko Remix).mp3	ampersand,parens
songs/1997/EX-3 - Extres (Papapipas Remix) (2).mp3	parens
songs/1997/EX-3 - Extres-A-2 (Remix).mp3	parens
songs/1997/Fiocco - Afflitto ('97 Mix).mp3	apostrophe,parens
songs/1997/Fiocco - Afflitto (Short).mp3	parens
songs/1997/Fiocco - The Spirit (Extended Vocal).mp3	parens
songs/1997/Frank-E & Mars-L - Child Of Time (Original).mp3	ampersand,parens
songs/1997/Frank-E & Mars-L - Last But Not Least! (1).mp3	ampersand,parens
songs/1997/Frank-E & Mars-L - Last But Not Least!.mp3	ampersand
songs/1997/Frank-E & Mars-L - last buy not least.mp3	ampersand
songs/1997/Free Fall (4) Feat. Jader Girardi - The Flight (Free Fall).mp3	parens
songs/1997/Free!! - This Groove (Original Groove).mp3	parens
songs/1997/Fun 2 U - My Little Flower (Factory Team Mix).mp3	parens
songs/1997/Funky Dope - Midem (Short).mp3	parens
songs/1997/G-Shock - Demons (DJ Promo Remix).mp3	parens
songs/1997/Gala - Come Into My Life (Club).mp3	parens
songs/1997/Gala - Come Into My Life (Mix).mp3	parens
songs/1997/Gary D. - Can't Do Without It (Club Mix).mp3	apostrophe,parens
songs/1997/Gary D. - Can't Do Without It (Cocooma Remix).mp3	apostrophe,parens
songs/1997/Gary D. - Timewarp (Original Mix).mp3	parens
songs/1997/Gate - Transfer (Club Mix).mp3	parens
songs/1997/Gigi D'Agostino - My Dimension.mp3	apostrophe
songs/1997/Giuliano Rame & Cristiano Trabujo - I Need Your Punk.mp3	ampersand
songs/1997/Greensleeves - Mangas Verdes (Remix).mp3	parens
songs/1997/GrooveZone - Eisbaer (Extended Mix).mp3	parens
songs/1997/Handle With Care - Doot-Doot (Dancefloor Mix).mp3	parens
songs/1997/Hector Seral - Babah (Comercial).mp3	parens
songs/1997/Hector Seral - Babah (Flipi Version).mp3	parens
songs/1997/Hector Seral - Babah (Progressive Version).mp3	parens
songs/1997/Hitch Hiker & Jacques Dumondt - Definition (Special Hamburg Edition).mp3	ampersand,parens
songs/1997/Hoovercraft - The Dreamer (Original By Etienne Maurice Picard).mp3	parens
songs/1997/Icehouse - Hey Little Girl (Radio Edit).mp3	parens
songs/1997/Icehouse - Hey Little Girl (X_Tended Edit).mp3	parens
songs/1997/Ilogic - Why (Epic Mix).mp3	parens
songs/1997/Inferno Bros. - Slaves To The Rave (Stunned Guys Mix).mp3	parens
songs/1997/Inn feat. Virthu-All - Inn (Original Version).mp3	parens
songs/1997/Inspire Feat. Yolanda Rivera - Frecuencia (Total Version).mp3	parens
songs/1997/Interplanet - Boogie Fly (Short).mp3	parens
songs/1997/Interstate - Come On (Original Mix).mp3	parens
songs/1997/James Daltan - Wanna Get High (Your Own Little Piece Of Heaven).mp3	parens
songs/1997/Javi Golo & Peke Albeza - The Stand.mp3	ampersand
songs/1997/Jerry Daley - Gold (_F_ Mix).mp3	parens
songs/1997/Julio Posadas - Re-Pi '98 (Remix RePi) (Original '98 Mix).mp3	apostrophe,parens
songs/1997/Jumpers - Gungleboy (Down Gungle).mp3	parens
songs/1997/K-Psula - Listen To The Lesson Of Music (Radical Version).mp3	parens
songs/1997/K-Psula - The Ultimate Dream (Global Version).mp3	parens
songs/1997/King's of Abyss By DJ Ghönso & DJ Keeper Feat. Aktive - King's Of Abyss.mp3	ampersand,apostrophe
songs/1997/Korpus - Liberty (Happyhardcore Version).mp3	parens
songs/1997/Kuantize - Overflow (Attack Mix).mp3	parens
songs/1997/Laurent Garnier - Crispy Bacon (Original Mix).mp3	parens
songs/1997/Le Click - Call Me (Junior's Main Mix).mp3	apostrophe,parens
songs/1997/Le Click - Call Me (Spike Me Club Mix).mp3	parens
songs/1997/Le Click - Call Me (UK Club Mix).mp3	parens
songs/1997/Le Click - Le Click - Call Me (Euro Dance Mix).mp3	parens
songs/1997/Legend (3) - Protec (Extended Version).flac	parens
songs/1997/Limited Growth - No Fate (Quadran Mix).mp3	parens
songs/1997/Los Bonitos - Hand In Hand (Original Mix).mp3	parens
songs/1997/Marc Acardipane Presents Marshall Masters Feat. The Ultimate MC - Hustler For Life (Live At The Club X).mp3	parens
songs/1997/Marc Acardipane Presents Marshall Masters Feat. The Ultimate MC - I Like It Loud (Original Mixx).mp3	parens
songs/1997/Masters Of Ceremony - Hardcore To Da Bone (Masters Of Ceremony Dope Mix).mp3	parens
songs/1997/MC Rage - Rave Machine (Darkraver Mix).mp3	parens
songs/1997/Mega 'Lo Mania - Circusclown (Celvin Rotane Remix).mp3	apostrophe,parens
songs/1997/Megadj's - Megabit.mp3	apostrophe
songs/1997/Milk Inc. - Inside Of Me (Full Vocal Radio Edit).mp3	parens
songs/1997/Milk Inc. - La Vache (Praga Khan 7_ vocal version).mp3	parens
songs/1997/Moonman - Don T Be Afraid (Original Mix).mp3	parens
songs/1997/N-Trance - D.I.S.C.O. (Radio Edit).mp3	parens
songs/1997/N-Trance Featuring Rod Stewart - Da Ya Think I'm Sexy (Extended Version).mp3	apostrophe,parens
songs/1997/N-Trance Featuring Rod Stewart - Da Ya Think I'm Sexy (Radio Edit).mp3	apostrophe,parens
songs/1997/N.O.D.s - The Future (Next Age Remix).mp3	parens
songs/1997/New Limit - Every Single Day (Short).mp3	parens
songs/1997/Nicki French - Total Eclipse Of The Heart (Milk Bar Mix).mp3	parens
songs/1997/Nikolai - Ready To Flow (Original mix).mp3	parens
songs/1997/Nomad - Wallace Courts Murrow (Original Mix).mp3	parens
songs/1997/Nostrum - Brainchild '97.mp3	apostrophe
songs/1997/Object One - Typewriter (Free!! Techno Rmx).mp3	parens
songs/1997/Object One - Typewriter (Original Mix).mp3	parens
songs/1997/Opus 808 - Winter (Club Mix).mp3	parens
songs/1997/Orbital - Ocean (DJ. Konik Remix).mp3	parens
songs/1997/Orinoko - Mama Konda (Original Mix).mp3	parens
songs/1997/Otto Drum - Black Eagle (CJ Rolo Version) (Aguila Negra).mp3	parens
songs/1997/Otto Drum - Eagle's Attack (Ruboy Version).mp3	apostrophe,parens
songs/1997/Paradisio - Bailando (2 Fabiola Remix).mp3	parens
songs/1997/Paradisio - Bailando (Discoteca Remix).mp3	parens
songs/1997/Paradisio - Bailando (Extended Radio Version).mp3	parens
songs/1997/Paradisio - Bailando (Original Discoteca Drums).mp3	parens
songs/1997/Paradisio - Bailando (Ritmo El Mas Locomix).mp3	parens
songs/1997/Pastis & Buenri - In Vino Veritas (Original).mp3	ampersand,parens
songs/1997/Pastis & Buenri - Looping 145 BPM.mp3	ampersand
songs/1997/Pastis & Buenri - Moon's Field.mp3	ampersand,apostrophe
songs/1997/Pastis & Buenri - Pastis & Buenri Full Effect.mp3	ampersand
songs/1997/Pastis & Buenri - Special For DJ's.mp3	ampersand,apostrophe
songs/1997/Pastis & Buenri - The World of Buenri.mp3	ampersand
songs/1997/Paul Elstak & DJ Rob Featuring MC Hughie Babe - Lords Of The Hardschool.mp3	ampersand
songs/1997/Paul Elstak and Teenage Warning - Brohymn (This One Is For The Gabbers).mp3	parens
songs/1997/Phase IV - Remember How It Started (Full Length Version).mp3	parens
songs/1997/Plastic (18) - Addicted (Club Version).mp3	parens
songs/1997/Portamento - It's A Lot (Original Version).mp3	apostrophe,parens
songs/1997/Portamento - It's A Lot (Trance Version).mp3	apostrophe,parens
songs/1997/Prezioso - Raise Your Power (Rave Vrs.).mp3	parens
songs/1997/Pro-Active - Dominator (Choir Mix).mp3	parens
songs/1997/Pro-Active - Dominator (Planet Mix).mp3	parens
songs/1997/Pro-Active - Dominator (Radio Edit).mp3	parens
songs/1997/Pro-Active - Dominator (Talla 2XLC Remix).mp3	parens
songs/1997/Promo - Can't Hold Me Down.mp3	apostrophe
songs/1997/Proxyma - Other Worlds (Hardtrance Mix).mp3	parens
songs/1997/Psykotik - Wicked (Classic Mix).mp3	parens
songs/1997/Psykotik - Wicked (Original Mix).mp3	parens
songs/1997/Rachel Wilds - By Your Side (Club Version).mp3	parens
songs/1997/Radioactive - La Gamba (Hard Version).mp3	parens
songs/1997/Radioactive - La Gamba (Original Version).mp3	parens
songs/1997/Radioactive - La Gamba (X-p-rimental First).mp3	parens
songs/1997/Ralphie Dee Meets Kool Killers - God Complex (Kool Killers Remix).mp3	parens
songs/1997/Rebeca - Duro De Pelar (Nu-Ngr Mix).mp3	parens
songs/1997/Robin - Flames of Love (Dance Remix).mp3	parens
songs/1997/Robin - Flames of Love (Factory Team Piano Edit).mp3	parens
songs/1997/Rotterdam Terror Corps - We're Gonna Blow Your Mind.mp3	apostrophe
songs/1997/Rubicon Massacre Ltd. - Hello Little Jam! (Bassman_De La Ray Remix).mp3	parens
songs/1997/Run-D.M.C. Vs. Jason Nevins - It's Like That (Drop The Break).mp3	apostrophe,parens
songs/1997/S.W.A.T. - The Fly Is Dead (Dj Waxweazle Mix).mp3	parens
songs/1997/Sa Trincha - Sa Trincha (Club Mix).mp3	parens
songs/1997/Sash! Feat. La Trec - Stay (Original 12).mp3	parens
songs/1997/Sash! Feat. Rodriguez - Ecuador (Airplay Edit).mp3	parens
songs/1997/Sash! Feat. Rodriguez - Ecuador (Original Radio Edit).mp3	parens
songs/1997/Sash! Featuring Rodriguez - Ecuador (Future Breeze Mix).mp3	parens
songs/1997/Sash! Featuring Rodriguez - Ecuador (Original 12_).mp3	parens
songs/1997/Scotchman, The - Asylum (Digital Boy Mix).mp3	parens
songs/1997/Silicon - Tripping (Original Version).mp3	parens
songs/1997/Sistema 3 - Chupa (Short).mp3	parens
songs/1997/Skudero - Sucker (New Version).mp3	parens
songs/1997/Skudero & Xavi Metralla - Pont Aeri - El Tambor De Hojalata.mp3	ampersand
songs/1997/Smash Mouth - Why Can't We Be Friends.mp3	apostrophe
songs/1997/Solid Base - Pumpinfinity (DJ Perpetrator Thunder Mix).mp3	parens
songs/1997/Sonar Impulse - The Door To Eternity (Club Mix).mp3	parens
songs/1997/Sonic Experience - Music (Fusionmen Remix).mp3	parens
songs/1997/Speed Limit - Cry For Your Love (Speed Mix).mp3	parens
songs/1997/Spektral - Ho Whao (Short).mp3	parens
songs/1997/Steve Shit - C'Monyall.mp3	apostrophe
songs/1997/Synchronics - It's the future.mp3	apostrophe
songs/1997/T'N'T Feat. Tony Flash - Max-E-Mize (Tony Flash Rmx).mp3	apostrophe,parens
songs/1997/T42 - Children's Voices (Radio).mp3	apostrophe,parens
songs/1997/Tantra - I Want Ur Love (DJ Buzz Mix).mp3	parens
songs/1997/The Alternative Creators - The Beast (Hardcore Version).mp3	parens
songs/1997/The Dark Side - Beats & Riffs 163 - 179.mp3	ampersand
songs/1997/The Rebel - Revolution '97 (Revol Mix).mp3	apostrophe,parens
songs/1997/The Rebel - Run To The Rhythm (Version Tashman).mp3	parens
songs/1997/The Sense - Forever (Atmosphere Mix).mp3	parens
songs/1997/The Stunned Guys & DJ Paul - Confusion.mp3	ampersand
songs/1997/Three Drives On A Vinyl - Greece 2000 (Marcel Woods Remix).mp3	parens
songs/1997/Two Deejays feat. Medieval - Greensleeves (Mangas Verdes).mp3	parens
songs/1997/Two Deejays feat. Medieval - New Vibrations (DJ Richard & Johnny Bass Super Base 1).mp3	ampersand,parens
songs/1997/Ultimate Buzz - Back In Business (DJ Isaac Remix).mp3	parens
songs/1997/Ultra Naté - Free (Mood II Swing Extended Vocal Mix).mp3	parens
songs/1997/Various - Thunderdome 15 - The Megamix (Short Edit).mp3	parens
songs/1997/Velocity - Future (Arpeggiators Radio Edit).mp3	parens
songs/1997/Verve, The - Bitter Sweet Symphony (Original).mp3	parens
songs/1997/Vision One - Excell (Extended Version).mp3	parens
songs/1997/Voodoo Posse (2) Feat. Jocelyn Brown - Love Is (Hard Mix).mp3	parens
songs/1997/Wasting Program - Bring That Shit Back (Dj Arjuna Remix).mp3	parens
songs/1997/XQue Vol. 2 - XQue (Next Lesson).mp3	parens
songs/1997/XQue Vol. 2 - XQue (Vol. 2).mp3	parens
songs/1997/XQue Vol. 3 - I Have A Dream (Short).mp3	parens
songs/1997/Yves Deruyter - Calling Earth (Original Mix).mp3	parens
songs/1997/Yves Deruyter - The Rebel (DJ Randy Remix).mp3	parens
songs/1997/Yves Deruyter - The Rebel (Original Mix).mp3	parens
songs/1997/Zombie - Don't Speak (High Density Mix).mp3	apostrophe,parens
songs/1997/Zombie - Don't Speak (Zombie Mix).mp3	apostrophe,parens
songs/1998/2 Fabiola - Flashback (Extended Club Mix).mp3	parens
songs/1998/Absolom - Secret (Da Boy Tommy & Da Rick Remix).mp3	ampersand,parens
songs/1998/Absolom - Secret (Jimmy Goldschmitz Outline Remix).mp3	parens
songs/1998/Absolom - Secret (Radio Edit).mp3	parens
songs/1998/Alice Deejay - Better Off Alone (Radio Edit).mp3	parens
songs/1998/Alice DJ - Better Off Alone (Vocal Club Mix).mp3	parens
songs/1998/Alma Matris - Rumore Chimico (Formula Magica).mp3	parens
songs/1998/Analogic (3) Featuring Ex-3 - I Feel Allright.mp3	parens
songs/1998/Ann Lee - 2 Times (Original Extended Mix).mp3	parens
songs/1998/Anonim - Anonim 3 (Vocal Mix).mp3	parens
songs/1998/Anonim - Moskito 2 (Raid Version).mp3	parens
songs/1998/Aqualoop - Get Naughty (Gary D's Long Dick Remix).mp3	apostrophe,parens
songs/1998/Aqualords - Children Of The Demon (Nico Parisi Mix).mp3	parens
songs/1998/Area - Spirit Of Area (Progressive).mp3	parens
songs/1998/ATB - 9PM (Till I Come) (Club Mix).mp3	parens
songs/1998/ATB - 9PM (Till I Come) (Gary D's No.mp3	apostrophe,parens
songs/1998/Avalon - Opera (Original V.).mp3	parens
songs/1998/Bad Habit Boys - Drop The Bass (Bastard Revenge Mix).mp3	parens
songs/1998/Bad Habit Boys - Drop The Bass (Club Mix).mp3	parens
songs/1998/Barbarian - Teology Civilization (Dj. Richard y Johnny Bass Version).mp3	parens
songs/1998/Base Mania - Galaxy Base (Laboratorio Version).mp3	parens
songs/1998/Base Mania - Techno Base (Techno Version).mp3	parens
songs/1998/Base Mania - Thunder Base (Crazy Version).mp3	parens
songs/1998/Bass-D & King Matthew - In The Mix.mp3	ampersand
songs/1998/Bionnic - Blue Day (Original Up Mix).mp3	parens
songs/1998/Bolo & Uri - Action.mp3	ampersand
songs/1998/Bolo & Uri - Virtual Factory.mp3	ampersand
songs/1998/Cherry Moon Trax - The House Of House (Original Mix).mp3	parens
songs/1998/Crystal Waters - Gipsy Woman (She's Homeless) (Strip To The Bone Mix).mp3	apostrophe,parens
songs/1998/Crystal Waters - Gipsy Woman (She's Homeless).mp3	apostrophe,parens
songs/1998/Crystal Waters - Gypsy Woman (She's Homeless) (98 Remix).mp3	apostrophe,parens
songs/1998/Cyberia - Photo (Hard mix).mp3	parens
songs/1998/D-Project - The Warning (Radical Version).mp3	parens
songs/1998/Da Boy Tommy - Little Dicks (Jump Mix).mp3	parens
songs/1998/Da Grimreaper & DJ Delirium & Rob Gee - Gansta Sound.mp3	ampersand
songs/1998/Dagon - No Promises (Vocomix).mp3	parens
songs/1998/Disco 2 - Oh, My God!! (Global Version) (2).mp3	parens
songs/1998/Disco 2 - Oh, My God!! (Global Version).mp3	parens
songs/1998/Disco 2 - Put It To The Music (Radical Version) (2).mp3	parens
songs/1998/Disco 2 - Put It To The Music (Radical Version).mp3	parens
songs/1998/Disco 2 - Stati-K (Mix Melody).mp3	parens
songs/1998/DJ Bolo & DJ Uri - Gobling.mp3	ampersand
songs/1998/DJ D-Sfase & Neuroti-k - Neurona-S Attack's.mp3	ampersand,apostrophe
songs/1998/DJ El Brujo - Wizard's Heart (Short).mp3	apostrophe,parens
songs/1998/DJ El Brujo - Wizard's Heart.mp3	apostrophe
songs/1998/DJ Frank - Dinner (Danny's Crazy Mix).mp3	apostrophe,parens
songs/1998/DJ Glenn vs. The Voltage Club - Silent Six (Remix).mp3	parens
songs/1998/DJ Isaac & DJ The Viper - Freak That Shit (Bass D & King Matthew Rmx).mp3	ampersand,parens
songs/1998/DJ Isaac & DJ The Viper - The Real Shit.mp3	ampersand
songs/1998/DJ Jazzy Jeff & The Fresh Prince - Men In Black (Album Version).mp3	ampersand,parens
songs/1998/DJ Juan Cruz - Harmonycs (1).mp3	parens
songs/1998/DJ Konik - Americans (Velocity Version).mp3	parens
songs/1998/DJ Konik - Europe (Ultimate Remix).mp3	parens
songs/1998/DJ Konik - Russians (Over Mix).mp3	parens
songs/1998/DJ Lancinhouse vs. DJ Jappo - Industrial Strength ''The Outro''.mp3	apostrophe
songs/1998/DJ Neil - Rain (I Want A Divorce) (DJ. Richard & Johnny Bass Remix).mp3	ampersand,parens
songs/1998/DJ Paul & Teenage Warning - If The Kids Are United (DJ Isaac's Mix).mp3	ampersand,apostrophe,parens
songs/1998/DJ Perpetrator vs. Attic & Stylzz - Maniacs (Left In A Daze).mp3	ampersand,parens
songs/1998/DJ Piccolo Feat Tehmina - Spring Let Me See! (The 4 Jays Club Mix).mp3	parens
songs/1998/DJ Quicksilver - Planet Love (Club Mix).mp3	parens
songs/1998/DJ Richard & Johnny Bass - Let's Cry (Short).mp3	ampersand,apostrophe,parens
songs/1998/DJ Richard & Johnny Bass - Let's Cry.mp3	ampersand,apostrophe
songs/1998/DJ Siniestro - Isolina (Short).mp3	parens
songs/1998/DJ. Borr-X & DJ. Cumpli - Heaven Melody.mp3	ampersand
songs/1998/DJ. Borr-X & DJ. Cumpli - Kill Base.mp3	ampersand
songs/1998/DNA (Dennied Access) - Fractioned (Original Version).mp3	parens
songs/1998/Double Vision - Knockin (Groove Authority Remix).mp3	parens
songs/1998/Doug Laurent - I'm Rushing (Extended Mix).mp3	apostrophe,parens
songs/1998/Eiffel 65 - Blue (Da Ba Dee) (DJ Ponte Ice Pop Mix).mp3	parens
songs/1998/Eiffel 65 - Blue (Hannover Remix).mp3	parens
songs/1998/Euphoria (16) - Angelical Verses.mp3	parens
songs/1998/EX-3 - I don't need.mp3	apostrophe
songs/1998/Final Fantasy - I Close My Eyes (Technoclub Mix).mp3	parens
songs/1998/Fraktal - It's A Dream (R.Forns & David Oleart Remix).mp3	ampersand,apostrophe,parens
songs/1998/Fraktal 4 - The Promised Land (Object One Vocal Remix).mp3	parens
songs/1998/Fraktal 4 - The Promised Land (Original Radio Edit).mp3	parens
songs/1998/Free!! - Kanashimi O Moyashite (Main Mix).mp3	parens
songs/1998/Free!! - Kanashimi O Moyashite (Object One Doped Remix).mp3	parens
songs/1998/Free!! - Kanashimi O Moyashite (Short).mp3	parens
songs/1998/Free!! - Kanashimi O Moyashite (Tim Wokan Club Remix).mp3	parens
songs/1998/Funny F - Creator (DJ Gert Mix).mp3	parens
songs/1998/G.A.K. - The Hymn (King's Of Abyss Version) (1).mp3	apostrophe,parens
songs/1998/GAK - The Hymn (Original Version).mp3	parens
songs/1998/Gigi D'Agostino - Dance (Balla Mix).mp3	apostrophe,parens
songs/1998/Gigi D'Agostino - Your Love (Elisir) (In F.M. Mix).mp3	apostrophe,parens
songs/1998/Gigi D'Agostino - Your Love (Elisir) (Radio Edit Part 1).mp3	apostrophe,parens
songs/1998/Gigi D'Agostino - Your Love (Elisir) (Radio Edit Part 2).mp3	apostrophe,parens
songs/1998/Gouryella - Gouryella (Original Mix).mp3	parens
songs/1998/Gouryella - Gouryella (Radio).mp3	parens
songs/1998/Humate - Love Stimulation (Blank & Jones Remix).mp3	ampersand,parens
songs/1998/Hydrophobia - Hydrophobia (Original Mix).mp3	parens
songs/1998/Jog - Future (Remix '98).mp3	apostrophe,parens
songs/1998/Jordi Beat And J&J DJ's - La Festa (AHH Version).mp3	ampersand,apostrophe,parens
songs/1998/Jordy Beat And J&J Dj's - La Festa (Vocal Version).mp3	ampersand,apostrophe,parens
songs/1998/K.K. System - Fax U (Clubb Remix).mp3	parens
songs/1998/Kike Boy - In The Beginning (Active Mix).mp3	parens
songs/1998/King's Of Abyss - Don't Stop.mp3	apostrophe
songs/1998/Korpus - Feel The Joy (Happy Harcore Mix).mp3	parens
songs/1998/Kosmonova versus Fiocco - Celebrate (Extended Mix).mp3	parens
songs/1998/Krak DJ's - Phantom (Over Mix).mp3	apostrophe,parens
songs/1998/Krak DJ's - Phantom (Radikal Mix).mp3	apostrophe,parens
songs/1998/Lauryn Hill - Can't Take My Eyes Off You.mp3	apostrophe
songs/1998/Legal 2 - Again (Long Mix).mp3	parens
songs/1998/Legal 2 - Again (New Mix).mp3	parens
songs/1998/Legal 2 - Again (The Base).mp3	parens
songs/1998/Lethal System - First Love (Up Mix).mp3	parens
songs/1998/Love Inc. - You're A Superstar (City Of Love Club Mix).mp3	apostrophe,parens
songs/1998/Marino Stephano - Eternal Rhapsody (Extended Mix).mp3	parens
songs/1998/Marino Stephano - Eternal Rhapsody (Extended Vocal Mix).mp3	parens
songs/1998/Mark V & Poogie Bear - Psycho.mp3	ampersand
songs/1998/Marshall Masters - Return To Zero (Extended Mix).mp3	parens
songs/1998/Marshall Masters - Return To Zero (Extended Vocal Mix).mp3	parens
songs/1998/Maxmachine - Music (For My - _A_ - Side Version).mp3	parens
songs/1998/Milk Inc. - In My Eyes (Acapella).mp3	parens
songs/1998/Milk Inc. - In My Eyes (DJ Philip Remix).mp3	parens
songs/1998/Milk Inc. - In My Eyes (Full Guitar Edit).mp3	parens
songs/1998/Milk Inc. - In My Eyes (La France Radio).mp3	parens
songs/1998/Milk Inc. - In My Eyes (Radio Edit).mp3	parens
songs/1998/Milk Inc. - Inside Of Me (DJ Philip, Wout & Jan Remix).mp3	ampersand,parens
songs/1998/Milk Inc. - Oceans (DJ Wout Remix).mp3	parens
songs/1998/Millennium Cosmic Club - Millennium (Techno Radio).mp3	parens
songs/1998/Mind, The - La Linea De La Vida (Acapella).mp3	parens
songs/1998/Mindcrimers - Madman (Remix).mp3	parens
songs/1998/Miss Jane - It's A Fine Day (ATB Remix).mp3	apostrophe,parens
songs/1998/Miss Peppermint - Let Me Hear The DJ (Dance Club Style).mp3	parens
songs/1998/Moloko - Sing It Back (Booker T Loco Mix).mp3	parens
songs/1998/Mosquito Headz - El Ritmo (Club Mix).mp3	parens
songs/1998/Mousse T. vs. Hot 'N' Juicy - Horny '98 (Extended Mix).mp3	apostrophe,parens
songs/1998/Mousse T. vs. Hot 'N' Juicy - Horny.mp3	apostrophe
songs/1998/Nakima 7 - It's Bass Beat.mp3	apostrophe
songs/1998/Natural Born Deejays - Airplay (Extended FM Mix).mp3	parens
songs/1998/Nemesis - The Sound Of Mind (G & K Re-Re-Mix).mp3	ampersand,parens
songs/1998/Neophyte Vs. Stunned Guys, The - Army Of Hardcore (Short).mp3	parens
songs/1998/Niels Van Gogh - Pulverturm (DJ Tomcraft Remix).mp3	parens
songs/1998/Novaya - What Is Love (Airplay Edit).mp3	parens
songs/1998/O.R.G.A.N - To The World (Fiocco Remix).mp3	parens
songs/1998/O.R.G.A.N. - To The World (Absolom Remix).mp3	parens
songs/1998/Object One - Connecting People (Free!! Remix).mp3	parens
songs/1998/Object One - Connecting People (Original Mix).mp3	parens
songs/1998/Ocho - Fun-Tastic X-Perience (Object One vs. Planet E-Team).mp3	parens
songs/1998/Ocho - Like A Cycle (8 Pa-K-Ñeros).mp3	parens
songs/1998/Pastis & Buenri - Acid Base.mp3	ampersand
songs/1998/Pastis & Buenri - Adrenalin.mp3	ampersand
songs/1998/Pastis & Buenri - Happy Melody.mp3	ampersand
songs/1998/Pastis & Buenri With Frank T.R.A.X. - The Noise Sindicate.mp3	ampersand
songs/1998/Pat Jam - The Squeeler (666 Remix).mp3	parens
songs/1998/Paul van Dyk - For An Angel (E-Werk Club Rmx).mp3	parens
songs/1998/Paul van Dyk - For An Angel (Way Out West Remix).mp3	parens
songs/1998/Planet Fuse - Silent Wishes (Original Mix).mp3	parens
songs/1998/Resonance - Blood (Jumper Mix).mp3	parens
songs/1998/Resonance - Celtic (Over Mix).mp3	parens
songs/1998/Romantics - Ivory (Fast Mix) (2).mp3	parens
songs/1998/Sash! Feat. Tina Cousins - Mysterious Times (Original 12_).mp3	parens
songs/1998/Sash! Feat. Tina Cousins - Mysterious Times (Original Radio Mix).mp3	parens
songs/1998/Sash! Featuring Tina Cousins - Mysterious Times (Todd's Club Mix).mp3	apostrophe,parens
songs/1998/Scorpion Heads - No Name (Marcos 13 & Oskar Large Version).mp3	ampersand,parens
songs/1998/Sensity World - X-Tasy In Paradise (12 Inch Mix).mp3	parens
songs/1998/Sequential One - Imagination (extended).mp3	parens
songs/1998/Shadowlands Terrorists - Eindhoven De Gekste (Short).mp3	parens
songs/1998/Shah - Secret love (Original extended mix).mp3	parens
songs/1998/Sigma - Listen To The Beat (Base Version).mp3	parens
songs/1998/Silent Circle - Touch In The Night (Crash Version).mp3	parens
songs/1998/Simpson tune - Bring it down(short club mix).mp3	parens
songs/1998/Skudero - Dehlia (Remix '98).mp3	apostrophe,parens
songs/1998/Skudero meets DJ Gollum - Infectious Flight (165 Bpm's BCN Style).mp3	apostrophe,parens
songs/1998/SM-Trax - Got The Groove (Caba Kroll Presents CJ Stone Pleasure Mix).mp3	parens
songs/1998/SM-Trax - Got The Groove (SM In Motion Dub Mix).mp3	parens
songs/1998/SM-Trax - Got The Groove (SM In Motion Mix).mp3	parens
songs/1998/Sweetbox - Everything's Gonna be Alright.mp3	apostrophe
songs/1998/Techno Chanel - Musik Box (Techno Box).mp3	parens
songs/1998/Technologics - El Club De Los Humildes (Techno Version).mp3	parens
songs/1998/Technologics - Innovated (Very Very Hard Version).mp3	parens
songs/1998/The Cat '99 - Miaow (Sistema 3 Version).mp3	apostrophe,parens
songs/1998/The Mind - La Línea De La Vida (Acapella).mp3	parens
songs/1998/The Offspring - The Kids Aren't Alright.mp3	apostrophe
songs/1998/The Prophets By Pastis & Buenri With CJ Rolo - Amazon-E.mp3	ampersand
songs/1998/The Soundlovers - Surrender (Birretta Edit).mp3	parens
songs/1998/The Soundlovers - Surrender (Birretta Mix).mp3	parens
songs/1998/Thoma House - To Whistle (Mix).mp3	parens
songs/1998/Three Drives - Greece 2000 (Original Mix).mp3	parens
songs/1998/Toni Flash - Cocoom (Party Version).mp3	parens
songs/1998/Toni Phobia & DJ Charles - High Pumping (Octa Version).MP3	ampersand,parens
songs/1998/Toni Phobia & DJ Charles - High Pumping.mp3	ampersand
songs/1998/Two Good - Happy Moment (Remix '98).mp3	apostrophe,parens
songs/1998/Tyrome - Electric Voodoo (Club Attack).mp3	parens
songs/1998/Vengaboys - Up & Down (BCM Club Mix).mp3	ampersand,parens
songs/1998/Vengaboys - Up & Down (Hard & Long).mp3	ampersand,parens
songs/1998/Vengaboys - Up & Down (More Airplay).mp3	ampersand,parens
songs/1998/Vengaboys - We like to party (extended).mp3	parens
songs/1998/Vinylgroover & DJ Quatro - The Big Bang.mp3	ampersand
songs/1998/Xavi Metralla - Vibrations (Remix).mp3	parens
songs/1998/Xian - Acid Water (Water Acid).mp3	parens
songs/1998/XQue Vol. 5 - Special For DJ's.mp3	apostrophe
songs/1998/Yves Deruyter - To The Rhythm (Signum Remix).mp3	parens
songs/1998/Zombie - Major Tom (Zum-B Mix).mp3	parens
songs/1999/2 Phase - The Night (Base Version).mp3	parens
songs/1999/A.I.D.A. - Far and Away (Original Mix).mp3	parens
songs/1999/A.I.D.A. - Far and Away (Vocal Edit).mp3	parens
songs/1999/Abel Ramos Presents Over Drive - Das Spiegel (Trance Mix).mp3	parens
songs/1999/Absolom - The Air (Extended Vocal).mp3	parens
songs/1999/Absolom - The Air (Prophecy Mix).mp3	parens
songs/1999/Absolom - The Air (Trance Mix).mp3	parens
songs/1999/Acida - Acida (Miss Groovy RMX).mp3	parens
songs/1999/ACTV - La Noche (Original Mix).mp3	parens
songs/1999/Alberto Tapia , Pedro Miras & DJ Abel Presents Attica - Out Of Europe (Free!! Warp).mp3	ampersand,parens
songs/1999/Alberto Tapia , Pedro Miras & DJ Abel Presents Attica - Out Of Europe (Short).mp3	ampersand,parens
songs/1999/Alice Deejay - Back In My Life (Club Vocal).mp3	parens
songs/1999/Alice Deejay - Will I Ever (E-Craig Clubmix).mp3	parens
songs/1999/Alice Deejay - Will I Ever (Hitradio XL).mp3	parens
songs/1999/Andora - Blade Runner (Kai Tracid Rmx).mp3	parens
songs/1999/Ann Lee - Voices (CTO Radio Edit).mp3	parens
songs/1999/Ann Lee - Voices (Original Edit).mp3	parens
songs/1999/Ann Lee - Voices (Original Extended).mp3	parens
songs/1999/Anonim - Anonim 4 (Up Mix).mp3	parens
songs/1999/Anti-Funky - Yo Deejay (Extended Orange Mix).mp3	parens
songs/1999/Apple 9 - What You Do to Me (Club Mix).mp3	parens
songs/1999/Apple 9 - What You Do To Me (Extended Mix).mp3	parens
songs/1999/Apple 9 - What You Do To Me (Radio Mix).mp3	parens
songs/1999/Area - Action (Dragon Progressive - Short).mp3	parens
songs/1999/Area - Action (Dragon Progressive).mp3	parens
songs/1999/Armand Van Helden - U Don't Know Me (Original Mix).mp3	apostrophe,parens
songs/1999/Arrakis - Aira Force (Main Mix).mp3	parens
songs/1999/Art Of Love - Se Ti Sale (Short).mp3	parens
songs/1999/ATB - 9PM (Till I Come) (Matt Darey Remix).mp3	parens
songs/1999/ATB - 9PM (Till I Come) (Radio Edit).mp3	parens
songs/1999/ATB - 9PM (Till I Come) (Sequential.mp3	parens
songs/1999/ATB - 9PM (Till I Come) (Signum Remix).mp3	parens
songs/1999/ATB - Don't Stop! (C.L.U.B.B.mix).mp3	apostrophe,parens
songs/1999/ATB - Don't Stop! (SQ.1 Mix).mp3	apostrophe,parens
songs/1999/B-Charme - This Is My World (Nobody's Rmx).mp3	apostrophe,parens
songs/1999/Baby Bumps - I Got This Feeling (G-Club Classic Vocal 12_).mp3	parens
songs/1999/Bad Habit Boys - The Weekend (CJ Stone & George Dee's Edit).mp3	ampersand,apostrophe,parens
songs/1999/Balearic Bill - Destination Sunshine (12 Original Mix).mp3	parens
songs/1999/Barbarian II - Letal Bells (Extended Version).mp3	parens
songs/1999/Barbarian II - Letal Sword (Short).mp3	parens
songs/1999/Biohazard - Biohazard (Base).mp3	parens
songs/1999/Black Bird By Ghönsso & Tazz - Nirvana.mp3	ampersand
songs/1999/Blue 4U - Livin'in Jam (Original Album Version).mp3	apostrophe,parens
songs/1999/Bob Marley Vs. Funkstar De Luxe - Sun Is Shining (Funkstars Club Mix).mp3	parens
songs/1999/Bolo & Uri - Bolo & Uri Base.mp3	ampersand
songs/1999/Bolo & Uri - Legend 99.mp3	ampersand
songs/1999/Boney M. Feat. Mobi T. - Daddy Cool '99.mp3	apostrophe
songs/1999/Buzz Fuzz - Jealousy (Is A Motherf#cker) (Neophyte Remix).mp3	parens
songs/1999/Candy Girls - Bom Da De (Original Extended).mp3	parens
songs/1999/Chasis - Classics (Short).mp3	parens
songs/1999/CJ Charlie & Toni Trauma - Powerful Base.mp3	ampersand
songs/1999/Club Culture - Everybody Wanna Rock (160 bpm).mp3	parens
songs/1999/Condor - Sky (sun extended mix).mp3	parens
songs/1999/D.C. 2000 - 1 More Time (130 Extended Mix).mp3	parens
songs/1999/D.C. 2000 - 1 More Time (137 Extended Mix).mp3	parens
songs/1999/D4MA - Indie (Base).mp3	parens
songs/1999/D4MA - Indie (Up Mix).mp3	parens
songs/1999/Digital Base - La Rana Loca (Aqui A Dao El Bote Mix).mp3	parens
songs/1999/Digital Base - La Rana Loca (Iba La Ranita Caminando ).mp3	parens
songs/1999/Dinamix 3 - Don't Touch That Dial.mp3	apostrophe
songs/1999/DJ Borr-X & DJ Cumpli - Clock Base.mp3	ampersand
songs/1999/DJ Cumpli - LFL (Cumbase 3).mp3	parens
songs/1999/DJ D-Sfase & Neuroti-k - Reactive Vol. 2.mp3	ampersand
songs/1999/DJ D-Sfase & Neuroti-k - Reactive Vol.1.mp3	ampersand
songs/1999/DJ Dani Connection - In Paradise (Dream Version).mp3	parens
songs/1999/DJ Dani Connection - In Paradise (Toxic Version).mp3	parens
songs/1999/DJ El Brujo & Maquiabelik - La Danza Feliz.mp3	ampersand
songs/1999/DJ Ferran +KM - +KM & Ruboy's Groove Base.mp3	ampersand,apostrophe
songs/1999/DJ Flex - Ready (Short).mp3	parens
songs/1999/DJ Ganchi & Mr. Hull - Hardcore Ganchis.mp3	ampersand
songs/1999/DJ Ganchi & Mr. Hull - Tatos History.mp3	ampersand
songs/1999/DJ Invi - Damage (Ruboy's & Invi's High Voltage).mp3	ampersand,apostrophe,parens
songs/1999/DJ Isaac & DJ The Viper - Eardrumz.mp3	ampersand
songs/1999/DJ Isaac & DJ The Viper - Trigga Finga.mp3	ampersand
songs/1999/DJ Markos 13 & Oskar Large Feat. K-Psula - Question '99 (Remix Markos 13 & Oskar Large).mp3	ampersand,apostrophe,parens
songs/1999/DJ Merlin (2) & Energizer (3) _ Nudge & Shouter - In My Mind.mp3	ampersand,parens
songs/1999/DJ Peter Project - 2 New-York (Hard Da Flip Radio Mix).mp3	parens
songs/1999/DJ Pildo & Javi Pitch - Cool Station.mp3	ampersand
songs/1999/DJ Pildo & Javi Pitch - Pildo & Pitch vs. Ruboy vol.1.mp3	ampersand
songs/1999/DJ Plus & DJ Kini - New Hardcore.mp3	ampersand
songs/1999/DJ Plus & DJ Kini - Shock.mp3	ampersand
songs/1999/DJ Richard & Johnny Bass Presents Greensleeves - Bocaccio.mp3	ampersand
songs/1999/DJ Rob & MC Joe - Beat Is Flow (Da Rick Remix).mp3	ampersand,parens
songs/1999/DJ Rob & MC Joe - beat is flowï99.mp3	ampersand
songs/1999/DJ Sek & DJ Pont-6 - Arnika (Techno Version).mp3	ampersand,parens
songs/1999/DJ Shue - Ruboy's Drum Machine.mp3	apostrophe
songs/1999/DJ Silverado - Killer Fly (Makinita Mix).mp3	parens
songs/1999/DJ Taylor & Flow - God danced.mp3	ampersand
songs/1999/DJ Taylor & Flow - Gott Tanzte (Millenium Club).mp3	ampersand,parens
songs/1999/Eiffel 65 - Blue (Da Ba Dee) (Blue Ice Pop Radio Edit).mp3	parens
songs/1999/Eiffel 65 - Move Your Body (DJ Gabry Ponte Original Club Mix).mp3	parens
songs/1999/Eiffel 65 - Move Your Body (Roby Molinaro Forge Edit).mp3	parens
songs/1999/Embargo! - Drums & Loops (Original Mix).mp3	ampersand,parens
songs/1999/Embargo! - Drums & Loops.mp3	ampersand
songs/1999/Embargo! - Embargo! (Club Edit).mp3	parens
songs/1999/Embargo! - Embargo! (Short).mp3	parens
songs/1999/Espresso - Drive Me Crazy (Dindon Extended Mix).mp3	parens
songs/1999/Essential Feat. Allison - Touch The Sky (Essential Full Mix).mp3	parens
songs/1999/Feedback (11) - Tell me (Techno Experience 160 Bpm's).mp3	apostrophe,parens
songs/1999/Feedback (11) - Tell Me (The Classic).mp3	parens
songs/1999/Floorfilla - Anthem #1 (Take 01).mp3	parens
songs/1999/Formania - The Future (Short).mp3	parens
songs/1999/Fragma - Toca Me (Club Mix).mp3	parens
songs/1999/Fragma - Toca Me (Radio Cut).mp3	parens
songs/1999/Fraktal 4 - The Promised Land (Original Edit).mp3	parens
songs/1999/G.A.K. - To The Unknown Man (Radio Edit).mp3	parens
songs/1999/Galeria - The Gael's Return (Pastis & Buenri Remix).mp3	ampersand,apostrophe,parens
songs/1999/Geneti-k By DJ Ghönsso & DJ Keeper - Kamikaze (Speed Version).mp3	ampersand,parens
songs/1999/Gigi D'Agostino - Bla Bla Bla (Abbentenza In FM Mix).mp3	apostrophe,parens
songs/1999/Gigi D'Agostino - Bla Bla Bla (Abbentenza Mix).mp3	apostrophe,parens
songs/1999/Gigi D'Agostino - L'Amour Toujours.mp3	apostrophe
songs/1999/Groove DJ's - Emisphere.mp3	apostrophe
songs/1999/Hermes House Band - I Will Survive (La La La) (Party Mix).mp3	parens
songs/1999/I.T.B. - Take Me To The Top (Another Presentation).mp3	parens
songs/1999/Interplanet - Evolution (Short).mp3	parens
songs/1999/J&J DJ's Feat. Jordy Beat & Xavi Avaló - La Festa Vol.2 (Live Version).mp3	ampersand,apostrophe,parens
songs/1999/Jay Dollie - Lollipop (Short).mp3	parens
songs/1999/Jennifer Lopez - Let's Get Loud.mp3	apostrophe
songs/1999/Jerry Daley - Send Me An Angel (VS-Mix).mp3	parens
songs/1999/Jerry Daley - Send Me An Angel (VS-Radio Edit).mp3	parens
songs/1999/K-Voice feat. La Luna - Save Me From The Night (Extended Mix).mp3	parens
songs/1999/K-Voice feat. La Luna - Save Me From The Night (Radio Mix).mp3	parens
songs/1999/Kangaroo - Promises (7 Edit).mp3	parens
songs/1999/Kangaroo - Promises (Long Edit).mp3	parens
songs/1999/Kay Cee - Millennium Stringz (Instrumental Mix).mp3	parens
songs/1999/Kay Cee - Millennium Stringz (Vocal Mix).mp3	parens
songs/1999/Kaycee - Millennium Stringz (Radio Edit).mp3	parens
songs/1999/Killerbounce - Party 4 U (Original Mix).mp3	parens
songs/1999/Kim Lukas - All I Really Want (Rado Edit).mp3	parens
songs/1999/Klax-On - Last Train To Party (Train Station Mix).mp3	parens
songs/1999/Limite - Original Chumixxxx (Hard Mix).mp3	parens
songs/1999/Magic Dreams - The Stars (Radio Edit).mp3	parens
songs/1999/Magic Dreams - The stars (Voice mix).mp3	parens
songs/1999/Mario Piu' - Communication (Yomanda Remix).mp3	apostrophe,parens
songs/1999/Markos 13 & Oskar Large Feat. K-Psula - Question '99  (Remix Markos 13 & Oskar Large).mp3	ampersand,apostrophe,parens,repeatedOrEdgeSpace
songs/1999/Mauro Picotto - Iguana (Blank&Jones Remix).mp3	ampersand,parens
songs/1999/Mauro Picotto - Iguana (Megavoices (UK) Mix).mp3	parens
songs/1999/Messiah's, The - Great Trip (Part II).mp3	apostrophe,parens
songs/1999/Milk Inc. - Losing Love (DJ Jan Remix).mp3	parens
songs/1999/Milk Inc. - Losing Love (DJ Wout Remix).mp3	parens
songs/1999/Milk Inc. - Losing Love (Radio Mix).mp3	parens
songs/1999/Milk Inc. - Oceans (DJ Philip Remix).mp3	parens
songs/1999/Milk Inc. - Oceans (Pat Krimson Remix).mp3	parens
songs/1999/Milk Inc. - Oceans (U.H.T. Radio Mix).mp3	parens
songs/1999/Milk Inc. - Promise (DJ Philip Remix).mp3	parens
songs/1999/Milk Inc. - Promise (Extended Version).mp3	parens
songs/1999/Milk Inc. - Promise (Radio Edit).mp3	parens
songs/1999/Miss Peppermint - Welcome To Tomorrow (C.J. Stone & Akira Yamamoto Club Mix).mp3	ampersand,parens
songs/1999/Miss Peppermint - Welcome To Tomorrow (C.J. Stone & Akira Yamamoto Radio Edit).mp3	ampersand,parens
songs/1999/Miss Peppermint - Welcome To Tomorrow (CJ Stone & Akira Yamamoto Radio Edit).mp3	ampersand,parens
songs/1999/Miss Peppermint - Welcome To Tomorrow (Dance Club Mix).mp3	parens
songs/1999/Miss Peppermint - Welcome To Tomorrow (Dance Radio Edit).mp3	parens
songs/1999/Miss Peppermint - Welcome To Tomorrow (Dance Vocal Mix).mp3	parens
songs/1999/Miss Peppermint - Welcome To Tomorrow (Miss Peppermint's Style).mp3	apostrophe,parens
songs/1999/Miss Peppermint - Welcome To Tomorrow (Woody Van Eyden Meets ATB Remix).mp3	parens
songs/1999/Moloko - Sing It Back (Bmr Club Cut Mix).mp3	parens
songs/1999/Moloko - Sing It Back (Booker T Loco Mix).mp3	parens
songs/1999/Moloko - Sing It Back (Boris Musical Mix).mp3	parens
songs/1999/Moloko - Sing It Back (Todd Terry Tee's Freeze Mix).mp3	apostrophe,parens
songs/1999/No Silence - Kill The Silence (Capel.la).mp3	parens
songs/1999/Nuclear Station - 1, 2, 3 (Kuatroo).mp3	parens
songs/1999/Nuclear Station - Radar (Original Version).mp3	parens
songs/1999/Offspring, The - the kids aren't alright.mp3	apostrophe
songs/1999/Oil - Oh Eh Eh (Airplay Mix).mp3	parens
songs/1999/Oil - Oh Eh Eh (Radio Edit).mp3	parens
songs/1999/Oil - Oh Eh Eh (Safe Mix).mp3	parens
songs/1999/Ones, The - Flawless (Main).mp3	parens
songs/1999/Operators (2), The - King's Inspiration (Short).mp3	apostrophe,parens
songs/1999/P.C.P. By DJ. David F.L. , DJ. Prodigy , DJ. Manu - DJ's Tracks.mp3	apostrophe
songs/1999/Paps 'N' Skar - You Want My Love (Din Don Da Da) (Extended Mix).mp3	apostrophe,parens
songs/1999/Paul Johnson - Get Get Down (Original Extended Mix).mp3	parens
songs/1999/Paul Johnson - Get Get Down (Radio Edit).mp3	parens
songs/1999/Phats & Small - Turn Around (Hey What's Wrong With You) (Extended Mix).mp3	ampersand,apostrophe,parens
songs/1999/Pont Aeri Vol. 4 - A Funky Beat (Skudero, Xavi Metralla, Ruboy's Overdrive Base).mp3	apostrophe,parens
songs/1999/Pont Aeri Vol. 4 - Flying Free (Instrumental).mp3	parens
songs/1999/Pont Aeri Vol. 4 - Flying Free (Short).mp3	parens
songs/1999/Prezioso Feat. Marvin - Tell Me Why (Extended Mix).mp3	parens
songs/1999/Prezioso Feat. Marvin - Tell Me Why (Radio Edit Mix).mp3	parens
songs/1999/Princeton - Higher (Extended).mp3	parens
songs/1999/Pulsation - Jump-A-Round (Da Flip 2).mp3	parens
songs/1999/Push - Universal Nation (Original Mix).mp3	parens
songs/1999/Rank 1 - Airwave (Original).mp3	parens
songs/1999/Raverland - Fantasy (DJ Ruboy Remix).mp3	parens
songs/1999/Ricky Martin - Livin' La Vida Loca.mp3	apostrophe
songs/1999/Roland Brant - Heaven (Original Mix).mp3	parens
songs/1999/Rollergirl - Dear Jessie (Diggler Long Mix).mp3	parens
songs/1999/Rollergirl - Dear Jessie (Mark' Oh's Love Zong Remix).mp3	apostrophe,parens
songs/1999/Ruben XXL Feat. No Limit - D-Tempobase (Bpm Version).mp3	parens
songs/1999/Ruff Driverz Presents Arrola - Dreaming (Knee Deep Dub Mix).mp3	parens
songs/1999/Scoop - Drop It (Fiocco Remix).mp3	parens
songs/1999/Scoop - Drop It (Radio).mp3	parens
songs/1999/Scott Brown & Gillian Tennant - Elysium.mp3	ampersand
songs/1999/Shaba - Do U Know (Eurosynth Radio Mix).mp3	parens
songs/1999/Signum Feat. Scott Mac - Coming On Strong (Original Mix) (2).mp3	parens
songs/1999/Signum Feat. Scott Mac - Coming On Strong (Original Mix).mp3	parens
songs/1999/Sirocco - Your Love (Hard Mix).mp3	parens
songs/1999/Sistema 3 - Sistema 3 Manía (Short).mp3	parens
songs/1999/Slipknot - (Sic).mp3	parens
songs/1999/SM-Trax - Got The Groove (DJ Tomcraft Mix).mp3	parens
songs/1999/SM-Trax - Got The Groove (SM's Clubbing Cut).mp3	apostrophe,parens
songs/1999/Southside Spinners - Luvstruck (Extended Version).mp3	parens
songs/1999/Strings of Harmony - Sadness (John B. Norman Remix).mp3	parens
songs/1999/Sunbeam - Outside World (single edit).mp3	parens
songs/1999/Sweet Irony - Ruboy's Replay.mp3	apostrophe
songs/1999/System F - Out Of The Blue (System F's 5AM Mix).mp3	apostrophe,parens
songs/1999/The Chemical Brothers - Hey Boy Hey Girl (Extended Version).mp3	parens
songs/1999/The Lawyer - I Wanna Mmm... (Successful Mix).mp3	parens
songs/1999/The Messiah's - Great Trip (Part I) (Radio Edit).mp3	apostrophe,parens
songs/1999/The Soundlovers - Walking (All The DJ's Mix).mp3	apostrophe,parens
songs/1999/The Soundlovers - Walking (Radio Edit).mp3	parens
songs/1999/Ti.Pi.Cal. Feat. Kimara Lawson - Music Is My Life (Radio Edit).mp3	parens
songs/1999/Tommy M & Halvor - My Rubber Ducky (Ruboy's Remix).mp3	ampersand,apostrophe,parens
songs/1999/Toni Phobia & DJ Charles - Pig-Foot Base.mp3	ampersand
songs/1999/Toni Phobia & DJ Charles - The Killer Doll.mp3	ampersand
songs/1999/Toy Soldiers - March 1 (Original Mix).mp3	parens
songs/1999/Trouser Enthusiasts - Sweet Release (Radio Edit).mp3	parens
songs/1999/Two Deejays Feat. Alien Factor - Navigator (Original Version).mp3	parens
songs/1999/Two Deejays Feat. Alien Factor - Navigator (Techno Mix).mp3	parens
songs/1999/U96 - Das Boot 2001 (Cosmic Gate Remix).mp3	parens
songs/1999/Ufowaves - The Balloon '99 (Interplanet Remix).mp3	apostrophe,parens
songs/1999/Underfish - It's My Beat (Radio Edit).mp3	apostrophe,parens
songs/1999/United - Fiesta Loca (Dani Fiesta Remix).mp3	parens
songs/1999/United - Fiesta Loca (Sistema 3 Remix).mp3	parens
songs/1999/Uranium - Virtual Reality (feat. Alexandra) (BCN Version).mp3	parens
songs/1999/Uranium Feat. Alexandra - Virtual Reality (Short).mp3	parens
songs/1999/Vengaboys - Boom, Boom, Boom, Boom!! (XXL Version).mp3	parens
songs/1999/Veracocha - Carte Blanche (Original Mix).mp3	parens
songs/1999/Veronica - I Can't Get Enough (Get Pump Mix).mp3	apostrophe,parens
songs/1999/Virthu-all - Rainbow (Up Mix).mp3	parens
songs/1999/Virus - Neverland (Radio Version).mp3	parens
songs/1999/Virus - Neverland (Up Mix).mp3	parens
songs/1999/Web - Lovin' Times (Extended Mix).mp3	apostrophe,parens
songs/1999/Web - Lovin' Times (Signum Remix).mp3	apostrophe,parens
songs/1999/William Orbit - Adagio For Strings (Ferry Corsten Mix).mp3	parens
songs/1999/Xque - Special For DJ's.mp3	apostrophe
songs/1999/XQue Vol. 6 - Special For DJ's.mp3	apostrophe
songs/1999/XQue Vol. 6 - Vol. 6 (Short).mp3	parens
songs/2000/2 Without Heads - U And Me (Hardcore Forever) (DJ Piyuli & Ilde Irun Rmx).mp3	ampersand,parens
songs/2000/2 Without Heads - U And Me (Hardcore Forever) (Miss Groovy Rmx).mp3	parens
songs/2000/2000 Canarias - Sunseeker (Get Up And Party) (Instrumental).mp3	parens
songs/2000/4 Factory - Give Me More (Extended).mp3	parens
songs/2000/4 Strings - Day Time (Gizeh Remix).mp3	parens
songs/2000/666 - Dance 2 Disco (666 Club Mix).mp3	parens
songs/2000/666 - Dance 2 Disco (DJ Piccolo (The4Jays) Club Mix).mp3	parens
songs/2000/666 - Dance 2 Disco (DJ Piccolo (The4Jays) Radio Mix).mp3	parens
songs/2000/AIDA - Far And Away (Free Spirit Remix).mp3	parens
songs/2000/Alan Braxe & Fred Falke - Intro.mp3	ampersand
songs/2000/Alberto Tapia , Pedro Miras , DJ Abel - 2001 The Odyssey (Instrumental).mp3	parens
songs/2000/Alberto Tapia , Pedro Miras , DJ Abel - 2001 The Odyssey (Vocal).mp3	parens
songs/2000/Alberto Tapia, Pedro Miras, Abel Ramos - 2001 The Odyssey (Vocal Short).mp3	parens
songs/2000/Alberto Tapia, Pedro Miras, Abel Ramos - 3-0 (Short).mp3	parens
songs/2000/Alice Deejay - The Lonely One (Hitradio Mix).mp3	parens
songs/2000/Alice Deejay - The Lonely One (XXL).mp3	parens
songs/2000/Alice Deejay - Will I Ever (Hitradio Mix).mp3	parens
songs/2000/Alicia - Open Your Eyes (Antares Radio Edit).mp3	parens
songs/2000/Alizée - Moi Lolita (Hello Helli T'es A Dance Mix).mp3	apostrophe,parens
songs/2000/Ann Lee - Ring My Bell (Eiffel 65 Full Version).mp3	parens
songs/2000/Area - Tears Of Fire (Original).mp3	parens
songs/2000/Astroline - Close My Eyes (Extended Mix).mp3	parens
songs/2000/Astroline - Close my Eyes (Peter Luts Remix).mp3	parens
songs/2000/ATB - Let U Go (ATB with the Wild Strawberries).mp3	parens
songs/2000/ATC - Around The World (Rüegsegger#whittwer Club Mix).mp3	parens
songs/2000/ATC - My Heart Beats Like A Drum (Dam Dam Dam) (Extended Club Mix).mp3	parens
songs/2000/Aurora Featuring Naimee Coleman - Ordinary World (Radio Edit).mp3	parens
songs/2000/Axel & Bit - Break The Silence (Remix).mp3	ampersand,parens
songs/2000/Axel Force - It's My Life (Japan Mix).mp3	apostrophe,parens
songs/2000/B-Charme - This Is My World (Dance Remix).mp3	parens
songs/2000/B-Charme - This Is My World (Extended Original Mix).mp3	parens
songs/2000/B-Charme - This Is My World (Original Radio Edit).mp3	parens
songs/2000/B1 Feat. Maverick - Runaway ( Radio Edit ).mp3	parens
songs/2000/Bamble B. - Crime Of Passion (Main Mix).mp3	parens
songs/2000/Basement Three - Free The Music (Edit Mix).mp3	parens
songs/2000/Becca - You Make Me Feel (More & More) (Radio Edit).mp3	ampersand,parens
songs/2000/Benjamin Diamond - Little Scare (Todd Edwards _Little Dub_ Remix).mp3	parens
songs/2000/Beppe Barilli - Computer - Disco (Computer World Extended Mix).mp3	parens
songs/2000/Billy More - Up & down (Extended mix).mp3	ampersand,parens
songs/2000/Bio-Technology - Guitar Spell (Remix).mp3	parens
songs/2000/Biohazard - Nightmare (Short).mp3	parens
songs/2000/BJ & Mac - Clap 'Ya Hands.mp3	ampersand,apostrophe
songs/2000/Blank & Jones - Nightfly.mp3	ampersand
songs/2000/Blank & Jones - Sound of Machines.mp3	ampersand
songs/2000/Blue Storm - Land Of Freedom (Original Extended).mp3	parens
songs/2000/Bolo & Uri - Krma Remix.mp3	ampersand
songs/2000/Bossma - The Real Boss_Ma (Truncated).mp3	parens
songs/2000/Brahama _ Rockets - Future Woman (Extended Mix).mp3	parens
songs/2000/Candy Girls - Bom Da De (Dj Stephen & Tim J Remix) -.mp3	ampersand,parens
songs/2000/Captain Joy - I'm dreamin (extended).mp3	apostrophe,parens
songs/2000/Celeda - The Underground (Addictive Trip Mix).mp3	parens
songs/2000/Christian Beat - Noizer Sound (Techno).mp3	parens
songs/2000/Claudio Lancini - Elektriko (Club Mix).mp3	parens
songs/2000/Club 99 Feat. Larry - Shake Your Body (Extended Mix).mp3	parens
songs/2000/Clublanders - World Of Love (Nord Radio Edit).mp3	parens
songs/2000/Clublanders - World Of Love (Nord Vocal) (1).mp3	parens
songs/2000/Clutch Feat. Beha - The Light (Dance Club Mix).mp3	parens
songs/2000/Collusion - Impetuous (XTD Version).mp3	parens
songs/2000/Crispy - In & Out (Radio Hitmix).mp3	ampersand,parens
songs/2000/CRW Presents Veronika - After The Rain (Short Version).mp3	parens
songs/2000/D-Late - Loving Think (D.E.A.R. Mix).mp3	parens
songs/2000/D.C. 2000 - Dreamin' (Don't Worry 2 Much) (Extended Version).mp3	apostrophe,parens
songs/2000/D.E.A.R. - Think of you (Radio Edit).mp3	parens
songs/2000/D.J. Piyuli & Ilde Irun - Deixa'M Respirar.mp3	ampersand,apostrophe
songs/2000/Da Boy Tommy - Kol Nedra (Hard To Mix).mp3	parens
songs/2000/Daft Punk - One More Time (Club Mix).mp3	parens
songs/2000/Daft Punk - One More Time (Radio Edit).mp3	parens
songs/2000/Daft Punk - One More Time (Short Radio Edit).mp3	parens
songs/2000/Darude - Feel The Beat (original Mix).mp3	parens
songs/2000/Darude - Sandstorm (Original Mix).mp3	parens
songs/2000/De La Cruz (3) Feat. Taleesa - My Love Is A Dj.mp3	parens
songs/2000/Delerium Featuring Sarah McLachlan - Silence (DJ Tiësto's In Search Of Sunrise Remix).mp3	apostrophe,parens
songs/2000/Des Mitchell - The World Is Yours (Original Mix).mp3	parens
songs/2000/Digital Base - El Grillo Mareado (Cantando, Cantando Iba El Grillito ...).mp3	parens
songs/2000/Digital Base - El Grillo Mareado (Cantando, Cantando Iba El Grillito ).mp3	parens
songs/2000/Disco Vip's by DJ Skryker - Without You (Version Techno).mp3	apostrophe,parens
songs/2000/DJ Andrew & DJ Toni Krash - Noise Gate.mp3	ampersand
songs/2000/DJ Chiky & Johan Frank - Cosmic Voyage.mp3	ampersand
songs/2000/DJ Chiky & Johan Frank - Motherfucker Music.mp3	ampersand
songs/2000/DJ Darkzone - Watching You (Non Vocal Club Mix).mp3	parens
songs/2000/DJ Disciple - It's Easy.mp3	apostrophe
songs/2000/DJ Jorge - La Pierna Encima (Short).mp3	parens
songs/2000/DJ Jurgen - Higher & Higher (Dub Foundation Mix).mp3	ampersand,parens
songs/2000/DJ Jurgen - Higher & Higher (Extended Vocal).mp3	ampersand,parens
songs/2000/DJ Jurgen - Higher & Higher (Klubbheads Mix).mp3	ampersand,parens
songs/2000/DJ Jurgen - Higher & Higher (Magica Remix).mp3	ampersand,parens
songs/2000/DJ Konik feat. Michelle Collins - Russians (Short).mp3	parens
songs/2000/DJ Krusty (2) & Javi Tracker - Empathy.mp3	ampersand,parens
songs/2000/DJ Krusty (2) & Javi Tracker - Virus.mp3	ampersand,parens
songs/2000/DJ Misjah & DJ Tim - Access (Jas Van Houten Mix).mp3	ampersand,parens
songs/2000/DJ Piyuli & Ilde Irun - Deixam respirar.mp3	ampersand
songs/2000/DJ Pumu - Live In Us (Short).mp3	parens
songs/2000/DJ Pumu & DJ Death - La Pergola.mp3	ampersand
songs/2000/DJ Rolando A.K.A. The Aztec Mystic - Jaguar (Original Mix).mp3	parens
songs/2000/DJ Skryker Presenta Digital - Hold Me Tonight (Version Techno).mp3	parens
songs/2000/Dual Bass feat. Allan - What Will I Do (Extended).mp3	parens
songs/2000/Dyewitness - Observing The Earth (Ian M Remix).mp3	parens
songs/2000/E-Raser - Happy Children (Club Mix).mp3	parens
songs/2000/E-Raser - Happy children (instrumental).mp3	parens
songs/2000/Electropump - Do You Like Brahms (Extended Mix).mp3	parens
songs/2000/Estrategic - Power Of Dreams (Original Vrs).mp3	parens
songs/2000/Etzwane - I Wanna Fly (Original Mix).mp3	parens
songs/2000/Fast Weather - Anyway (full vinyl).mp3	parens
songs/2000/Floorfilla - Anthem #4 (DJ Cerla Floorfiller Mix).mp3	parens
songs/2000/Floorfilla - TR (Techno Romance).mp3	parens
songs/2000/Formania - The future (Ariel remix).mp3	parens
songs/2000/Fragma - Toca's Miracle (Club Mix).mp3	apostrophe,parens
songs/2000/Fraktal 6 - Residents Of The Universe (Dub Version).mp3	parens
songs/2000/Fraktal 6 - Residents Of The Universe (Tek-No Version).mp3	parens
songs/2000/Fraktal 6 - Residents Of The Universe (Vocal Version).mp3	parens
songs/2000/French Affair - My Heart Goes Boom (La Di Da Da) (Radio Version).mp3	parens
songs/2000/French Affair - My Heart Goes Boom (La Di Da Da) (X-Tended Club Version).mp3	parens
songs/2000/Froggy Mix - No Nagging (Original Radio Edit).mp3	parens
songs/2000/Futura - Enchantment (Konik & Maxter Remix).mp3	ampersand,parens
songs/2000/Future Head - Wonderful Life (Short Cut Mix).mp3	parens
songs/2000/Gigi D'Agostino - Another Way (Extended Version).mp3	apostrophe,parens
songs/2000/Gigi D'Agostino - Ill fly with you.mp3	apostrophe
songs/2000/Gigi D'Agostino - L'Amour Toujours (Tanzen Vision Remix).mp3	apostrophe,parens
songs/2000/Gigi D'agostino - La Passion (Radio Cut).mp3	apostrophe,parens
songs/2000/Gigi D'Agostino - La Passion.mp3	apostrophe
songs/2000/Gigi D'Agostino - The Riddle (Club Longer Mix).mp3	apostrophe,parens
songs/2000/Gigi D'Agostino - The Riddle (Original Mix).mp3	apostrophe,parens
songs/2000/Gigi D'Agostino - You Spin Me Round (Like A Record).mp3	apostrophe,parens
songs/2000/Gigi D'Agostino & Albertino - Super (Rassodante).mp3	ampersand,apostrophe,parens
songs/2000/Gigi D'Agostino Feat. Edoardo Bennato - Un Giorno Credi (Remix).mp3	apostrophe,parens
songs/2000/Gitta - No More Turning Back (Extended Version).mp3	parens
songs/2000/Gitta Vs. Rozalla - Everybody's Turning Back.mp3	apostrophe
songs/2000/Gitta Vs. Rozalla - Everybody´s turning back (Extended mix).mp3	parens
songs/2000/Goodfellas (2), The - Soul Heaven (B&M mix).mp3	ampersand,parens
songs/2000/Green House (2) Feat. Gerideau - All I need.mp3	parens
songs/2000/Gridlock 3000 - Fantastic Thing (UK Gold Remix).mp3	parens
songs/2000/Hacienda - Sabor (Ralf Gum's Club Voc Mix).mp3	apostrophe,parens
songs/2000/Hacienda - Sabor (Short).mp3	parens
songs/2000/Headstrong Force - Pain (Short).mp3	parens
songs/2000/Heart Attack 2 - Objectors - Let's Party Tonight (Radio Edit).mp3	apostrophe,parens
songs/2000/Highland - Solo Tu (Club Mix).mp3	parens
songs/2000/Highland - Solo Tu (Extended Mix).mp3	parens
songs/2000/Ian Van Dahl feat. Marsha - Castles In The Sky (Extended Mix).mp3	parens
songs/2000/Ice - Can't Get Over You (Extended Version).mp3	apostrophe,parens
songs/2000/In Dreams - Where Is The Light (Space Runner Mix).mp3	parens
songs/2000/Index (5) feat. Carla Shilling - Thinking About You (Hard Remix).mp3	parens
songs/2000/Index (5) Feat. Carla Shilling - Thinking About You (remix 2000).mp3	parens
songs/2000/Interplanet - Sambeiro (Short).mp3	parens
songs/2000/Ivins & Adolf - Base One.mp3	ampersand
songs/2000/John The Whistler - Tell Me (Radio Mix).mp3	parens
songs/2000/Jordy Beat - Dreams (Rmx).mp3	parens
songs/2000/Juan Cruz Feat. DJ Urban's - Els Segadors.mp3	apostrophe
songs/2000/Just Luis - You (Original).mp3	parens
songs/2000/Justine - Bidibodi (Radio Edit).mp3	parens
songs/2000/Karachi - Enjoy Karachi (Original Mix).mp3	parens
songs/2000/Kim English - Higher Things (Thunderpuss Club Anthem).mp3	parens
songs/2000/Kim Lukas - Let It Be Night (Original Mix).mp3	parens
songs/2000/Kim Lukas - Let It Be Night (Short).mp3	parens
songs/2000/Kim Lukas - Let It Be Night (Twin Towers Cut Remix).mp3	parens
songs/2000/Kim Lukas - Let It Be Night (Twin Towers Remix).mp3	parens
songs/2000/Kim Lukas - To Be You (Extended Rmx).mp3	parens
songs/2000/Kosmonova - Danse Avec Moi (Airscape Remix).mp3	parens
songs/2000/Kosmonova - Danse Avec Moi (Extended Mix).mp3	parens
songs/2000/Kosmonova - Danse Avec Moi! (Fiocco Remix).mp3	parens
songs/2000/Kosmonova - Danse Avec Moi! (Plug 'N' Play Remix).mp3	apostrophe,parens
songs/2000/Kosmonova vs. Fiocco - Celebrate (Video Mix).mp3	parens
songs/2000/La Luna - Take Me (Radio Mix).mp3	parens
songs/2000/La Luna - Take Me (Sp@ce C@detz Mix).mp3	parens
songs/2000/La Luna - Take Me (Steels & Stripes Rmx).mp3	ampersand,parens
songs/2000/La Luna - When The Morning Comes (Space Cadets Mix).mp3	parens
songs/2000/La Luna - When The Morning Comes (Steels & Stripes Ground Level Remix).mp3	ampersand,parens
songs/2000/LeAnn Rimes - Can't fight the moonlight (Almighty Mix).mp3	apostrophe,parens
songs/2000/LeAnn Rimes - Can't Fight The Moonlight (Theme From _Coyote Ugly_).mp3	apostrophe,parens
songs/2000/Lightforce - Join Me (Club Mix).mp3	parens
songs/2000/Liquid (3) feat. Silvy De Bie - Turn The Tide (Radio Edit).mp3	parens
songs/2000/Los Niños By DJ Markos 13 & Oskar Large - The Stage.mp3	ampersand
songs/2000/Luna - Rain (Extended Version).mp3	parens
songs/2000/Lutricia McNeal - Fly Away (C&N Radio Edit).mp3	ampersand,parens
songs/2000/M.T.J. - Lovely Dance (MTJ Loving Mix).mp3	parens
songs/2000/Mabel - Don't Let Me Down.mp3	apostrophe
songs/2000/Mac & Lunatik - Giscar.mp3	ampersand
songs/2000/Mac & Lunatik - Saw Base.mp3	ampersand
songs/2000/Mac & Lunatik - Torokotroya.mp3	ampersand
songs/2000/Magic Box - Carillon (Extended).mp3	parens
songs/2000/Magic Box - Carillon (Radio Mix) 1.mp3	parens
songs/2000/Mash - Are You Ready (B-Pop Mix).mp3	parens
songs/2000/Mash - Rock the disco (Matrix mix).mp3	parens
songs/2000/Maskara by David Max & DJ Raul - Apology 2000.mp3	ampersand
songs/2000/Maskara By DJ David Max & DJ Raül - Apology 2000 (Short).mp3	ampersand,parens
songs/2000/Maskara By DJ David Max & DJ Raül - The Drop.mp3	ampersand
songs/2000/Master Mood - Come And Fly (Extended).mp3	parens
songs/2000/Maurizzio - New Emotion (Full Trance Works 2000 Remix).mp3	parens
songs/2000/Maurizzio - New Emotion (Trance Cut).mp3	parens
songs/2000/Mauro Picotto - Proximus (Megavoices Claxixx Mix).mp3	parens
songs/2000/Me & My - Fly High.mp3	ampersand
songs/2000/Melba - Mabel (Radio Guitar).mp3	parens
songs/2000/Milk Inc. - Land Of The Living (Radio).mp3	parens
songs/2000/Milk Inc. - Walk On Water (H2O Radio Mix).mp3	parens
songs/2000/Milk Inc. - Walk On Water (Peter Luts Remix).mp3	parens
songs/2000/Monika - Nawan (long version).mp3	parens
songs/2000/More - Around The World (On Air Mix).mp3	parens
songs/2000/Mumm vs Dhany - I Wanna Be Free (Free Edit).mp3	parens
songs/2000/Mumm vs Dhany - I Wanna Be Free (Free Mix).mp3	parens
songs/2000/Mumm vs Dhany - I Wanna Be Free (Gambadub).mp3	parens
songs/2000/Mumm vs Dhany - I Wanna Be Free (Gambafreaks Club Mix).mp3	parens
songs/2000/Mundo Deejay - Song Of The Sun (DJ Richard & Johnny Bass Mix).mp3	ampersand,parens
songs/2000/Mundo Deejay - Song Of The Sun (Short).mp3	parens
songs/2000/Mundo Deejay - Song Of The Sun (Sistema 3 Mix).mp3	parens
songs/2000/Mythos 'N DJ Cosmo - Hymn.mp3	apostrophe
songs/2000/Naïve - Looking 4 Happiness (Pooper Sccoper Extended Mix).mp3	parens
songs/2000/Naïve - Welcome To Paradise (Original Mix).mp3	parens
songs/2000/Natascha Hagen - Que Sera (Glass Twins Remix Extended).mp3	parens
songs/2000/Natascha Hagen - Que Sera (Glass Twins Remix Radio Cut).mp3	parens
songs/2000/Natascha Hagen - Que Sera (Original Radio Edit).mp3	parens
songs/2000/Netherworld - Atlantis (Original Mix) BEATPORT_17395514.flac	parens
songs/2000/Nostrum Remixes George Morel _ Xperience - Sundown (When Im Thinking Of You).mp3	parens
songs/2000/On-Line - My Eyes Are Talking To You (Original).mp3	parens
songs/2000/Orion Too - You And Me (DJ Garry vs. FTW Remix).mp3	parens
songs/2000/Out Of Grace - Anglia (Original Mix).mp3	parens
songs/2000/Overland - The Sound Of Life (The Love Is Around U Edit).mp3	parens
songs/2000/P.C.P. - DJ's Track Vol. 2.mp3	apostrophe
songs/2000/Pastis & Buenri With DJ Ruboy - Arriba (DJ Soto Remix).mp3	ampersand,parens
songs/2000/Pastis & Buenri With DJ Ruboy - Game Over - Start.mp3	ampersand
songs/2000/Pastis & Buenri With DJ Ruboy - Start The Base.mp3	ampersand
songs/2000/Paul Elstak Vs. DJ Panic - Greatest DJ's.mp3	apostrophe
songs/2000/Phaser - Love (Pump Mix Vinyl).mp3	parens
songs/2000/Phoenix - If I Ever Feel Better, I'll Go To The Disco (Said The Buffalo Bunch).mp3	apostrophe,parens
songs/2000/Piero Pelù - Toro Loco (Radio Edit).mp3	parens
songs/2000/Pizza's Fabysac - Pizza Makinera.mp3	apostrophe
songs/2000/Planet Funk - Chase The Sun (Extended Club Mix).mp3	parens
songs/2000/Pont Aeri - Flying Free (Hardcore Remix).mp3	parens
songs/2000/Pont Aeri - Flying Free (New Remix).mp3	parens
songs/2000/Pont Aeri - Flying Free (Romantic Remix).mp3	parens
songs/2000/Pont Aeri Vol. 4 - Flying Free (Rmx).mp3	parens
songs/2000/Prezioso Feat. Marvin - Back To Life (Extended Mix).mp3	parens
songs/2000/Prezioso Feat. Marvin - Back To Life (Radio Edit).mp3	parens
songs/2000/Prezioso Feat. Marvin - Let Me Stay (Extended Version).mp3	parens
songs/2000/Prezioso Feat. Marvin - Let Me Stay (Radio Mix).mp3	parens
songs/2000/Prezioso Feat. Marvin - Voices (Extended Mix).mp3	parens
songs/2000/Prima Donna Feat. Linda Scott - Why Haven't I Told You (Dam Da Dam) (Radio).mp3	apostrophe,parens
songs/2000/Public Domain - Operation Blade (Original Mix).mp3	parens
songs/2000/Public Domain - Operation Blade (Short version).mp3	parens
songs/2000/Pulsedriver - Your Spirit Is Shining (Extended Version).mp3	parens
songs/2000/Quick Feat. Charlotte - Need You Tonite (Hit Extended Mix).mp3	parens
songs/2000/Rank 1 - True Love Never Dies (Airwave).mp3	parens
songs/2000/Ranka - Put Your Hands (In The Air) (Alvee Mix).mp3	parens
songs/2000/Ranka - Put Your Hands (In The Air) (Club Edit).mp3	parens
songs/2000/Raul - Sueño Tu Boca (Remix Dance).mp3	parens
songs/2000/Revolution & Clemen - Apocalyptic (To BCN Base).mp3	ampersand,parens
songs/2000/Rexanthony - My Phuture (Embargo Rmx).mp3	parens
songs/2000/Ricky Le Roy - Tuareg (Mirage Mix).mp3	parens
songs/2000/Ricky Martin - She Bangs (English).mp3	parens
songs/2000/Robin - Flames Of Love (Factory Team Mix).mp3	parens
songs/2000/Rollergirl - Superstar (7_ Mix).mp3	parens
songs/2000/Rotterdam Terror Corps - Rotterdam Hooligan (feat. DJ Neophyte).mp3	parens
songs/2000/Rui Da Silva Featuring Cassandra Fox - Touch Me (Radio Edit).mp3	parens
songs/2000/Sals 8 Feat. K-Bizzare - Downtown (Original Extended).mp3	parens
songs/2000/Sals 8 Feat. K-Bizzare - Downtown (Original Radio).mp3	parens
songs/2000/Salsotto Feat. DJ Stella - No Time For Lies (Original Extended Mix).mp3	parens
songs/2000/Salsotto feat. DJ Stella - No Time For Lies (Original Extended).mp3	parens
songs/2000/Scotish Clan By Bolo & Uri - Tukla Base.mp3	ampersand
songs/2000/Scotish Clan By DJ Bolo & DJ Uri - Scratchworks (Melody Version).mp3	ampersand,parens
songs/2000/Shana - Hi (Radio Edit).mp3	parens
songs/2000/Sharan - Dream of Algeri'.mp3	apostrophe
songs/2000/Shocker - Electroshock 1 (Madness 2000).mp3	parens
songs/2000/Silent - The Beat Can't Change (Konik & Maxter Remix).mp3	ampersand,apostrophe,parens
songs/2000/SM-Trax - At The Club (Didier de Chomb Xtended Mix).mp3	parens
songs/2000/SM-Trax - At The Club (Radio Edit).mp3	parens
songs/2000/Snow Monkeys - Reachin` (Chris & James Mix).mp3	ampersand,backtick,parens
songs/2000/Sound On Line - Creeping (Fabietto Fashion Inedit Remix) (Not Original).mp3	parens
songs/2000/Sound On Line - Creeping (Morning Light Mix).mp3	parens
songs/2000/SPD - A Great Reward (SPD Base).mp3	parens
songs/2000/Speedy J - Pull Over (Remix).mp3	parens
songs/2000/Spiller - Groovejet (If This Ain't Love).mp3	apostrophe,parens
songs/2000/Spiller - Groovejet (If This Aint Love Spiller Extended Vocal Mix).mp3	parens
songs/2000/Starfighter - Apache (Original Mix).mp3	parens
songs/2000/Sterbinszky Feat. Náksi vs. Brunner - 1492 (Original C-Mix).mp3	parens
songs/2000/Streamline - Special DJ's Spring.mp3	apostrophe
songs/2000/Streamline - Streamline (DJ Skryker Remix 2000).mp3	parens
songs/2000/Strings Of Harmony - Sadness (Club Mix).mp3	parens
songs/2000/Sunniva - Feelings (Massimo Fermi Radio).mp3	parens
songs/2000/Sunniva - Feelings (Massimo Fermi Rmx).mp3	parens
songs/2000/Sunniva - Feelings (Paul Droid Extension Mix).mp3	parens
songs/2000/Sunniva - Feelings (Paul Droid Extension Radio).mp3	parens
songs/2000/Sunniva - Feelings (Paul Droid Instrumental).mp3	parens
songs/2000/Sven Väth - Ein Waggon Voller Geschichten (Terence Fixmer Remix).mp3	parens
songs/2000/Sylver - Skin (Original Mix).mp3	parens
songs/2000/Sylver - Skin (Radio Edit).mp3	parens
songs/2000/Sylver - Turn The Tide (Radio Edit).mp3	parens
songs/2000/Sylver - Turn The Tide (Rui Da Silva Mix).mp3	parens
songs/2000/Sylver - Turn The Tide (The Original Mix).mp3	parens
songs/2000/Tampura - Love In The Casbah (Mephisto Extended Mix).mp3	parens
songs/2000/Tanki & Osяam - Over Track.mp3	ampersand
songs/2000/Technoiser By Ghonsso & Tazz - Tamba-Tamba.mp3	ampersand
songs/2000/The DOC - Hardcore To The P (X-Rated Mix).mp3	parens
songs/2000/The Format By DJ Plus & DJ Kini With Christian Steele - I Can Fly.mp3	ampersand
songs/2000/The Moon - Blow The Speakers (The Mighty Ghost Mix).mp3	parens
songs/2000/The Oh! - Forever In My Life (Radio Edit).mp3	parens
songs/2000/The Stunned Guys & DJ Paul - Thrillseeka (Original Mix).mp3	ampersand,parens
songs/2000/TNT - Spring (Vocal).mp3	parens
songs/2000/Tom Jones & Heather Small - You Need Love Like I Do.mp3	ampersand
songs/2000/Tommy Gant feat. Nancy Khania - I Believe (Club Version (Joe Panic Remix)).mp3	parens
songs/2000/Toni Peret , DJ Richard & Johnny Bass - L'Estaca.mp3	ampersand,apostrophe
songs/2000/Toni Peret, DJ Richard & Johnny Bass - L'Estaca (Short).mp3	ampersand,apostrophe,parens
songs/2000/Tony Ronald - Help Ayudame (Tony Ronald).mp3	parens
songs/2000/Topmodelz - Strings of Infinity (Extended Version).mp3	parens
songs/2000/Topmodelz - Strings of Infinity (Pulsedriver Rmx).mp3	parens
songs/2000/Trouser Enthusiasts - Sweet Release (Olmec Heads Remix).mp3	parens
songs/2000/Trouser Enthusiasts - Sweet Release (Trouser Enthusiasts 7 Edit).mp3	parens
songs/2000/Trouser Enthusiasts - Sweet Release (Trouser Enthusiasts Full On Mix).mp3	parens
songs/2000/Tukan - Light A Rainbow (Green Court Single Mix).mp3	parens
songs/2000/Tukan - Light A Rainbow (Wippenberg Remix).mp3	parens
songs/2000/Two Deejays - The Ambulance (Happy Version).mp3	parens
songs/2000/Two Lines - Stay With Me (Extended Version).mp3	parens
songs/2000/Unconditional - Magic Feet (1).mp3	parens
songs/2000/Unconditional - Magic Fleet 2002 (Klubbheads RMX).mp3	parens
songs/2000/Underdog Project, The - Summer Jam (Club Mix).mp3	parens
songs/2000/Underfish - Acid Music (Extended Mix).mp3	parens
songs/2000/Vanni G - Time Is Over (Extended).mp3	parens
songs/2000/Veronica - I Can't Get Enough (Get Pump Edit).mp3	apostrophe,parens
songs/2000/Virus (9) - Bodybag.mp3	parens
songs/2000/Warp Brothers Vs. Aquagen - Phatt Bass (Warp Brothers Phatt Mix).mp3	parens
songs/2000/XTM Present Annia - Fly On The Wings Of Love (Chucky & Konik & Maxter rmx).mp3	ampersand,parens
songs/2000/XTM Present Annia - Fly On The Wings Of Love (XTM Remix I).mp3	parens
songs/2000/York - Farewell to the moon (remix).mp3	parens
songs/2000/Zorotl - I Wanna Be (Alternative Cut).mp3	parens
songs/2000/Zorotl - I wanna be (Ice Pop Video Mix).mp3	parens
songs/2001/4 Clubbers - Children (Future Breeze Vs. Junkfood Junkies Mix).mp3	parens
songs/2001/666 - Supa-Dupa-Fly (XXL Mix).mp3	parens
songs/2001/A'N'N (Amy & Nelly DJ) - My Song (Original Mix).mp3	ampersand,apostrophe,parens
songs/2001/A'N'N (Amy & Nelly DJ) - My Song.mp3	ampersand,apostrophe,parens
songs/2001/Abel The Kid & Raul Ortiz - Groove 1.0.mp3	ampersand
songs/2001/Accenter & Three O - Outsiders (Alibee Aka Weichei Meets Pat Loom Remix).mp3	ampersand,parens
songs/2001/Accenter & Three O - Outsiders (Club Mix).mp3	ampersand,parens
songs/2001/Agent Sumo - Ain't Got Time (To Stop).mp3	apostrophe,parens
songs/2001/Alex Laser & DJ Lobo - Extrem Base.mp3	ampersand
songs/2001/Allnighters - Black Is Black (Tony De Leon Mix).mp3	parens
songs/2001/Anette (10) - You Are The Dream (Andy J Mix).mp3	parens
songs/2001/Angie L.C. - Don't Let Me Down.mp3	apostrophe
songs/2001/Aquagen - Lovemachine (Extended Mix).mp3	parens
songs/2001/Aquagen - Lovemachine (Radio Mix).mp3	parens
songs/2001/Aquagen - Partyalarm (Und Ab Geht's) (Party Mix).mp3	apostrophe,parens
songs/2001/Area - Facta Non Verba (Original).mp3	parens
songs/2001/Armin Van Buuren Presents Perpetuous Dreamer - The sound of goodbye (Armin's Tribal Feel Radio-Edit).mp3	apostrophe,parens
songs/2001/Art Of Love - Lo Sento Dentro (Extended Mix).mp3	parens
songs/2001/AT - Shining Star (Radio Edit).mp3	parens
songs/2001/ATB - Hold You (Airplay Mix).mp3	parens
songs/2001/ATB - Hold You (Clubb Mix 2).mp3	parens
songs/2001/ATB - Hold You (Technics).mp3	parens
songs/2001/ATB - Let U Go (Clubb Mix).mp3	parens
songs/2001/ATC - I'm In Heaven (When You Kiss Me) (Radio Edit 5 Inch - Version).mp3	apostrophe,parens
songs/2001/Axel & Bit - I like Chopin.mp3	ampersand
songs/2001/Barcode Brothers - Flute (Technics).mp3	parens
songs/2001/Barthezz - Infected (Extended Mix).mp3	parens
songs/2001/Barthezz - On The Move (Original).mp3	parens
songs/2001/BasQuenz - Firepower (The 4 Jay Remix).mp3	parens
songs/2001/Bassdrum Project - Are U Ready (Chicago Rmx).mp3	parens
songs/2001/Bassraiders - Raveolution (Fantasy Mix).mp3	parens
songs/2001/Bazaar #iDC RuLeZz - Run Run (extended mix).mp3	parens
songs/2001/Becca - You Make Me Feel (More & More) (Extended Radio Mix).mp3	ampersand,parens
songs/2001/Bel Amour - Bel Amour (Technics).mp3	parens
songs/2001/Bibi - Wild Wind (Radio Edit).mp3	parens
songs/2001/Bibi - Wild Wind (Reggi's Remix).mp3	apostrophe,parens
songs/2001/Bibi - Wild Wind (Regi's Remix).mp3	apostrophe,parens
songs/2001/Bikini - Don't Lock Back (Wave Club Mix).mp3	apostrophe,parens
songs/2001/Billy More - Come On And Do It (Original Extended Mix).mp3	parens
songs/2001/Billy More - Come On And Do It (Short).mp3	parens
songs/2001/Bingo Boys - Mountain Song (Extended).mp3	parens
songs/2001/Bismark - Just A Moment (Melodymaker Mix).mp3	parens
songs/2001/Blaze Feat. Palmer Brown - To my beat (Ambassador Remix).mp3	parens
songs/2001/Bolo & Uri - Buh Time.mp3	ampersand
songs/2001/Bolo & Uri - Das Beit.mp3	ampersand
songs/2001/Boris Dlugosch Feat. Róisín Murphy - Never Enough (Club Mix).mp3	parens
songs/2001/Brancaccio + Aisher - Lovely Day (Original Mix).mp3	parens
songs/2001/Brenda's Dream - Take Me There (Dream Mix).mp3	apostrophe,parens
songs/2001/Brian Cross & DJ Droid Presents Audiophony - Audioarmony.mp3	ampersand
songs/2001/Brian Cross & Fat Synth - Angels.mp3	ampersand
songs/2001/Brian Cross & Fat Synth Presents Alpha Industries - Feel Da Hardcore.mp3	ampersand
songs/2001/Brian Cross & Fat Synth Presents Alpha Industries - Paradise.mp3	ampersand
songs/2001/Brooklyn Bounce - Club Bizarre (Short).mp3	parens
songs/2001/Carina (14) - All I Need.mp3	parens
songs/2001/Carol - Feeling (Radio Edit).mp3	parens
songs/2001/Carolina Marquez - Discomani (Radio Edit).mp3	parens
songs/2001/Carolina Marquez - Ritmo (Original Cut).mp3	parens
songs/2001/Carolina Marquez - Ritmo (Original Extended).mp3	parens
songs/2001/Cassandra - Shout It Out (Radio).mp3	parens
songs/2001/Cassandra - Shout It Out (Seven y Seven Extended Mix).mp3	parens
songs/2001/Ce ce lee - Nanni (Extended Version).mp3	parens
songs/2001/Chasis - Pussy Control (Classic Mix).mp3	parens
songs/2001/Chasis - Welcome to the future (Dj Ruboy instrumental RMX).mp3	parens
songs/2001/Chasis - Welcome to the future (Dj Ruboy vocal RMX).mp3	parens
songs/2001/Chumi DJ Present Limite Four - Stop Living My Life (Limite Mix).mp3	parens
songs/2001/Cinderella - The Realm (DJ Spoke Remix).mp3	parens
songs/2001/Cinderella - The Realm (Radio Edit).mp3	parens
songs/2001/Cladiv Project - Wrong Is Right (Cladiv Klassic Mix).mp3	parens
songs/2001/Clan DJ Team - Groovebird (Sandbox Rockers Remix).mp3	parens
songs/2001/Claudio Lancini - Pirata (Extended Mix).mp3	parens
songs/2001/Clonico - Can't Stop Raving (Hardcore).mp3	apostrophe,parens
songs/2001/Commercial Breakup - Bizarre Love Triangle (Elektrö Remix By Lexy & K-Paul).mp3	ampersand,parens
songs/2001/Consilio - I Believe in you (Extended).mp3	parens
songs/2001/Consilio - I Believe In You (Short).mp3	parens
songs/2001/Cosmic Gate - Exploration Of Space (Extended Mix).mp3	parens
songs/2001/Cosmic Gate - Fire Wire (Club Mix).mp3	parens
songs/2001/Criminal DJ's - Killing Base.mp3	apostrophe
songs/2001/Crispy - Left Right (Club Mix).mp3	parens
songs/2001/D Sigual - Orange (Acid Citrus Maganonic Mix).mp3	parens
songs/2001/D-Sfase & Neurotik & Crack DJ - Genocide.mp3	ampersand
songs/2001/Daddy DJ - Daddy DJ (Chico & Tonio Klub Mix).mp3	ampersand,parens
songs/2001/Daddy DJ - The Girl in Red (Radio).mp3	parens
songs/2001/Daft Punk - Harder Better Faster Stronger (Album Version).mp3	parens
songs/2001/Daft Punk - Harder Better Faster Stronger (Jess & Crabbe Regulator Mix).mp3	ampersand,parens
songs/2001/Daft Punk - Harder Better Faster Stronger (The Neptunes Remix).mp3	parens
songs/2001/Dario G - Say What's On Your Mind (Stonebridge Club Mix).mp3	apostrophe,parens
songs/2001/Darude - Out Of Control (Back For More) (Radio Edit).mp3	parens
songs/2001/Datura - Yerba El Diablo (Shagras).mp3	parens
songs/2001/Dave Soerensen - Arma La Vida (Radio Edit).mp3	parens
songs/2001/De La Cruz (3) Featuring Taleesa - Listen To My Heart.mp3	parens
songs/2001/Dee Dee - Forever (Original Extended mix).mp3	parens
songs/2001/Dee Dee - Forever (Original Radio Edit).mp3	parens
songs/2001/DeNiro Featuring Troy Parrish - Rock With You (Full Vocal Mix).mp3	parens
songs/2001/Density Matrix - Beautiful Is Blue (Blue Mix).mp3	parens
songs/2001/Diana Fox - Running On Empty (Central Seven Mix).mp3	parens
songs/2001/Diana Fox - Running On Empty (DJ Trippy & Phatboi Remix).mp3	ampersand,parens
songs/2001/Diana Fox - Running On Empty (Extended).mp3	parens
songs/2001/Diana Fox - Running On Empty (Infiniti Remix).mp3	parens
songs/2001/Diana Fox - Running On Empty (Mark Fox Club Mix).mp3	parens
songs/2001/Diana Fox - Running On Empty (On The Beach Mix).mp3	parens
songs/2001/Diana Fox - Running On Empty (Radio Mix).mp3	parens
songs/2001/Diana Fox - Running On Empty (S. Christina's Progressive Breaks Mix).mp3	apostrophe,parens
songs/2001/Digital Boy & MC Rage - Akkur.mp3	ampersand
songs/2001/DJ BoBo - Hard To Say I'm Sorry (Extended Version).mp3	apostrophe,parens
songs/2001/DJ BoBo - Hard To Say I'm Sorry.mp3	apostrophe
songs/2001/DJ BoBo & Irene Cara - What A Feeling (Radio Dance).mp3	ampersand,parens
songs/2001/DJ Centaury & Wavetraxx - Lazarus (Club Mix).mp3	ampersand,parens
songs/2001/DJ Cerla - Sahara Rave (Remix).mp3	parens
songs/2001/DJ Crivi - Mankell (Jump Remix).mp3	parens
songs/2001/DJ D-Sfase & Neuroti-k & Crack DJ - i think about you.mp3	ampersand
songs/2001/DJ D-Sfase & Neuroti-k & Crack DJ - The World of Crack Dj.mp3	ampersand
songs/2001/DJ Dado - You And Me (Dance Movement Rmx).mp3	parens
songs/2001/DJ Dado Feat. Glen White - You And Me (Extended Mix).mp3	parens
songs/2001/DJ David Max - Bitch People (Original Mix).mp3	parens
songs/2001/DJ Edgar vs. Solar System - Elements (First Mix).mp3	parens
songs/2001/DJ Ekis & Sr. Pely - Passion.mp3	ampersand
songs/2001/DJ El Brujo - The Legend (Tekno Extended Mix).mp3	parens
songs/2001/DJ Flex - Love For U (Radio Edit).mp3	parens
songs/2001/DJ Freddy , DJ Melocko & DJ Sepi - Taysong Base.mp3	ampersand
songs/2001/DJ Gere & Mak Attack vs. DJ Narco - Extreme Base.mp3	ampersand
songs/2001/DJ Guerre & Fidel Castillo - Speakerblower.mp3	ampersand
songs/2001/DJ Guerre & Fidel Castillo - The Base Of Guerre.mp3	ampersand
songs/2001/DJ Herbie - Chinatown (Kaliya Version).mp3	parens
songs/2001/DJ Invi - Invi's Base Attack.mp3	apostrophe
songs/2001/DJ J.D.A. - Voel Je Die Bass (Bass-D & King Matthew Remix).mp3	ampersand,parens
songs/2001/DJ J.D.A. - Voel Je Die Bass (Original Mix).mp3	parens
songs/2001/DJ Jose vs. G-Spott - Access (Club mix vocal).mp3	parens
songs/2001/DJ Juanlu & DJ Maky - Dreams Of Two Deejays.mp3	ampersand
songs/2001/DJ Kontrol (2) Vs. DJ Karlos G - Terra Titanic (ADN Remix).mp3	parens
songs/2001/DJ Maki & DJ Abel D.X.T. - Reactivated.mp3	ampersand
songs/2001/DJ Misjah & DJ Tim - Access (KY Jelly Babies Remix).mp3	ampersand,parens
songs/2001/DJ Nervi Presents DJ Manu 45 & DJ Rafa - Sound Disk.mp3	ampersand
songs/2001/DJ Park & DJ Track - Hard Devil.mp3	ampersand
songs/2001/DJ Park & DJ Track - Hello!!.mp3	ampersand
songs/2001/Dj Promo - Dancefloor Hardcore (ORG).mp3	parens
songs/2001/DJ Quicksilver - Ameno (Video Mix).mp3	parens
songs/2001/DJ Quicksilver Meets Shaggy - Boombastic (Epic Radio Mix feat. Shaggy).mp3	parens
songs/2001/DJ Quicksilver Meets Shaggy - Boombastic (Feat Shaggy).mp3	parens
songs/2001/DJ Richard & Johnny Bass - Let's Cry (Remix 2001) (Radio Edit).mp3	ampersand,apostrophe,parens
songs/2001/DJ Richard & Johnny Bass - Let's Cry (Remix 2001).mp3	ampersand,apostrophe,parens
songs/2001/DJ Ricky T - Edu (Short).mp3	parens
songs/2001/DJ Scotty - Dreamland (Original Club Mix).mp3	parens
songs/2001/DJ Skryker - Let's Go.mp3	apostrophe
songs/2001/DJ Speciale - Mystical River (Fast Edit).mp3	parens
songs/2001/DJ Storm - Frozen (Hardcore).mp3	parens
songs/2001/DJ Tech & The Silent Stream - Nevereverland (Rave Mix).mp3	ampersand,parens
songs/2001/DJ Teio Fly & DJ Lee BCN - The Reality (Truncated).mp3	ampersand,parens
songs/2001/DJ Tomcraft - Prosac (New Clubmix).mp3	parens
songs/2001/DJ Valium - Bring The Beat Back (Axel Konrad Mix).mp3	parens
songs/2001/DJ Valium - Bring The Beat Back (Extended Edit).mp3	parens
songs/2001/DJ Valium - Bring The Beat Back (Groove Coverage Remix).mp3	parens
songs/2001/DJ Valium - Doin' It Again (Club Mix).mp3	apostrophe,parens
songs/2001/DJ Valium - Doin' It Again (Extended Vocal).mp3	apostrophe,parens
songs/2001/DJ Valium - Doin' It Again (Vocal Mix).mp3	apostrophe,parens
songs/2001/DJ Virus - Killer Free (Baseman Mix).mp3	parens
songs/2001/DJ Virus - Outside World (Remix 2001).mp3	parens
songs/2001/DJs @ Work - Someday (Technics).mp3	parens
songs/2001/Dona Di Palma _ Dagon - I Run To You (Extended Mix).mp3	parens
songs/2001/Double Dee Feat. Dany - You (Radio Edit).mp3	parens
songs/2001/Dreamcatcher - I Don't Wanna Lose My Way (Radio Edit).mp3	apostrophe,parens
songs/2001/E-Raser Feat. P. Lion - Happy Children (Radio Version).mp3	parens
songs/2001/Edge Of Universe Feat. Dominick - Afterlife (Original Mix).mp3	parens
songs/2001/Eiffel 65 - 80's Stars (Extended Mix).mp3	apostrophe,parens
songs/2001/Eiffel 65 - 80's Stars (Gabry Ponte Mix).mp3	apostrophe,parens
songs/2001/Eiffel 65 - Back in time (Radio Edit).mp3	parens
songs/2001/Eiffel 65 - Losing You (MilleMP3).mp3	parens
songs/2001/Eiffel 65 - Lucky (In My Life) (Gabry Ponte Club Mix).mp3	parens
songs/2001/Eiffel 65 - Lucky (In My Life) (Radio Cut).mp3	parens
songs/2001/Eiffel 65 Feat. Franco Battiato - 80's Stars (CD Version).mp3	apostrophe,parens
songs/2001/Empyre - Fantasy (Trance mix).mp3	parens
songs/2001/Enola - Call my love (Promo).mp3	parens
songs/2001/Erika - Relations (Extended Mix).mp3	parens
songs/2001/Erika - Save My Heart (Corto Mix).mp3	parens
songs/2001/Erika - Save My Heart (Longo Mix).mp3	parens
songs/2001/Escanor - Are U Ready (Pulsedriver Remix).mp3	parens
songs/2001/Escape From Forio - La Rumba De Na Na (Club Version).mp3	parens
songs/2001/Evil Activities - Harder & Harder (Short).mp3	ampersand,parens
songs/2001/Faithless - We Come 1 (Rocket Vs Jeno Remix).mp3	parens
songs/2001/Faraway - Child's Illusions.mp3	apostrophe
songs/2001/Fast Weather - The Sea And The Stars (FM Edit).mp3	parens
songs/2001/Fatboy Slim - Star 69 (Original).mp3	parens
songs/2001/Fatboy Slim - Weapon Of Choice (Album Version).mp3	parens
songs/2001/Flip Flop Featuring Faith Trent - In Stereo (Superchumbo High Octane Vocal Mix).mp3	parens
songs/2001/Floorfilla - Anthem #5 (A Dj Svasa Mix).mp3	parens
songs/2001/Flutlicht - Icarus (The Flight) (Original Daedalus Mix).mp3	parens
songs/2001/Foggy - Come (Into My Dream) (Club Mix).mp3	parens
songs/2001/Foggy - Come (Into My Dream) (Radio Mad Mix).mp3	parens
songs/2001/Foggy - Come (Into My Dream) (Vocal Radio Cut).mp3	parens
songs/2001/Fragma - Everytime You Need Me (Extended Version).mp3	parens
songs/2001/Fragma - Say That You're here (Extended).mp3	apostrophe,parens
songs/2001/Fraktal - Happy Days (2001 Vocal Remix).mp3	parens
songs/2001/Fraktal 3 - Happy Days (2001 Vocal Rmx).mp3	parens
songs/2001/Francesco Napoli - Lady Fantasy (Maxi Version).mp3	parens
songs/2001/Free!! & DJ Soto presents Piramide - Herz And Herz.mp3	ampersand
songs/2001/French Affair - Sexy (Extended Club Mix).mp3	parens
songs/2001/Froggy Mix - Razzmatazz (Radio Edit).mp3	parens
songs/2001/Full Intention Presents Shena - I'll Be Waiting (Radio Edit).mp3	apostrophe,parens
songs/2001/Fun-TC - Crazy (extended-edit).mp3	parens
songs/2001/Funny - Hello! Hello! (Dj Marton Mix).mp3	parens
songs/2001/G-Shock - Demons (DJ Promo Remix).mp3	parens
songs/2001/G-Spott - N-R-G (Club Mix).mp3	parens
songs/2001/Gigi D'Agostino - Amorelettronico.mp3	apostrophe
songs/2001/Gigi D'Agostino - Another Way (Original Mix).mp3	apostrophe,parens
songs/2001/Gigi D'Agostino - Chartsengrafs.mp3	apostrophe
songs/2001/Gigi D'Agostino - L'Amour Toujours (Cielo Mix).mp3	apostrophe,parens
songs/2001/Gigi D'Agostino - L'Amour Toujours (Gigidagostino.com).mp3	apostrophe,parens
songs/2001/Gigi D'Agostino - L'Amour Toujours (L'Amour Vision).mp3	apostrophe,parens
songs/2001/Gigi D'Agostino - L'Amour Toujours (Small Mix).mp3	apostrophe,parens
songs/2001/Gigi D'Agostino - La Passion (Medley With Rectangle) (Cielo Mix).mp3	apostrophe,parens
songs/2001/Gigi D'Agostino - Le Serpent.mp3	apostrophe
songs/2001/Gigi D'Agostino - Musikakeparla.mp3	apostrophe
songs/2001/Gigi D'Agostino - Natale.mp3	apostrophe
songs/2001/Gigi D'Agostino - Un Giorno Credi (Gigidagostino.com).mp3	apostrophe,parens
songs/2001/Gigi D'Agostino - Un Giorno Credi.mp3	apostrophe
songs/2001/Gigi D'Agostino & Albertino - Super (Idridante).mp3	ampersand,apostrophe,parens
songs/2001/Gitta - Tic Toc (Extended).mp3	parens
songs/2001/Gitta - Tic Toc (Italian Edit).mp3	parens
songs/2001/Gitta - Tic Toc (Radio).mp3	parens
songs/2001/Golden Boy with Miss Kittin - Rippin Kittin [Tobi Neumann's Glove Tension Dub].mp3	apostrophe,brackets
songs/2001/Greta - Looking For Heaven (Original Mix).mp3	parens
songs/2001/Gypsymen - Babarabatri (Technics).mp3	parens
songs/2001/Hampenberg - Duck Toy (Vocal Club Mix).mp3	parens
songs/2001/Hard Creation - Bastard  Asshole.mp3	repeatedOrEdgeSpace
songs/2001/Harry _Choo Choo_ Romero - Night @ The Black (Technics).mp3	parens
songs/2001/Harry _Choo Choo_ Romero - Tania (New Mix).mp3	parens
songs/2001/Head Horny's & Miguel Serna - Be There (Do It Again).mp3	ampersand,apostrophe,parens
songs/2001/Hitalie - Music Is My Soul (DJ Gero Mix).mp3	parens
songs/2001/Hixxy & UFO - It's Alright.mp3	ampersand,apostrophe
songs/2001/Hologram - I'm In Love Again (Original Extended Mix).mp3	apostrophe,parens
songs/2001/Horizon - Sweet Love (Radio Version).mp3	parens
songs/2001/Ian Van Dahl - Will I (Extended Mix).mp3	parens
songs/2001/Ice - Can't Get Over You (Golden Star Alternative Mix).mp3	apostrophe,parens
songs/2001/Ice - Can't Get Over You (Golden Star Radio Mix).mp3	apostrophe,parens
songs/2001/Icetribe Vs. D'Amores DJ Feat. Aury - I Want To Be Free (Extended Mix).mp3	apostrophe,parens
songs/2001/iiO - Rapture (Original Extended).mp3	parens
songs/2001/IN - Musika (Original Mix).mp3	parens
songs/2001/In-Grid - Tu Es Foutu (Original Edit).mp3	parens
songs/2001/In-Grid - Tu Es Foutu (Original Extended).mp3	parens
songs/2001/Interactive - Forever Young (Club Mix).mp3	parens
songs/2001/Inusual Feat. DJ Pumu - Tears Don't Lie.mp3	apostrophe
songs/2001/J-An Project - Falling In Love (Extended Mix).mp3	parens
songs/2001/J&J DJ's - Kubiko.mp3	ampersand,apostrophe
songs/2001/Jamiroquai - Little L (Original Mix).mp3	parens
songs/2001/Jan Wayne - Total Eclipse Of The Heart (Club Mix).mp3	parens
songs/2001/Jean Jacques Smoothie - 2 People (Original mix).mp3	parens
songs/2001/Jet Lag - The Physico (Nari e Milani Mix).mp3	parens
songs/2001/Jill Dreski & Live 2 Love - Spending My Time.mp3	ampersand
songs/2001/Jimmy Gomma - Funky Beat (Luca Peruzzi Club Mix).mp3	parens
songs/2001/Joy Kitikonti - Joyenergizer (Mauro Picotto Mix).mp3	parens
songs/2001/Just Us Featuring Latrice Verrett - What A Night (Angel Moraes & Ronnie Ventura's Original) (129 bpm).mp3	ampersand,apostrophe,parens
songs/2001/Justine Simmons Featuring Run - Check Out The Floor (Summer Breeze) (Mach 3 Extended).mp3	parens
songs/2001/K-Psula - D-Rolex (Tic Tic Tara Version).mp3	parens
songs/2001/Kaiser (5) & Kura - Cyanide.mp3	ampersand,parens
songs/2001/Kaiser (5) & Kura - Leave the Silence.mp3	ampersand,parens
songs/2001/Kaiser (5) & Kura - Out of my Knifes.mp3	ampersand,parens
songs/2001/Kamel - The Dancefloor (Radio Mix).mp3	parens
songs/2001/Kapital DJ's vs DJ Motor - Partiendo La Pana (Konik & Maxter & Motor Remix).mp3	ampersand,apostrophe,parens
songs/2001/Kapital DJ's vs DJ Motor - X-tension for base.mp3	apostrophe
songs/2001/Kasper - Magical Girl ('Nvidia Radio Mix).mp3	apostrophe,parens
songs/2001/Katana (15) - Humanoid Base.mp3	parens
songs/2001/Katastroof - Zuipe! (Zatte Wijve Mix).mp3	parens
songs/2001/Kate Ryan - Scream For More ( Original ).mp3	parens
songs/2001/Kate Ryan - U R (My Love) (Radio Edit).mp3	parens
songs/2001/Kate Ryan - U R (My Love).mp3	parens
songs/2001/Kid Crème Feat. Shawnee Taylor - Austin's Groove (Let Me Live) (Subtech Remix).mp3	apostrophe,parens
songs/2001/Klubbingman - Welcome To The Club (Pulsedriver vs Rocco Remix).mp3	parens
songs/2001/Klubbingman - Welcome To The Club (Vocal Club Mix).mp3	parens
songs/2001/Knick Knack - Come Back (Pooper Scooper Rmx).mp3	parens
songs/2001/Konovox - Blitz (Original Mix).mp3	parens
songs/2001/Kosheen - Hide U (Technics).mp3	parens
songs/2001/Kylie Minogue - Can't Get You Out of My Head.mp3	apostrophe
songs/2001/L.I.N.K. Feat. John Biancale - Without You (Original Extended).mp3	parens
songs/2001/La Luna - Kisses Of Fire (Huss Remix).mp3	parens
songs/2001/La Luna - Kisses Of Fire (Nicolaï Warnez Remix).mp3	parens
songs/2001/La Luna - Kisses of Fire (Radio Mix).mp3	parens
songs/2001/La Vania - La Brisa Del Mar (Short).mp3	parens
songs/2001/Labelle - Plastic Dog (Original Extended).mp3	parens
songs/2001/Lady Violet - Calling Your Name (Extended Mix).mp3	parens
songs/2001/Lady Violet - Lovin You Baby [Radio Edit] (Not Original).mp3	brackets,parens
songs/2001/Lady Violet - No Way No Time (Extended Mix).mp3	parens
songs/2001/Lalu - Shariva (Extended Version).mp3	parens
songs/2001/Lalu - Shariva (Lalu Fly Mix).mp3	parens
songs/2001/Lasgo - Something (Extended Mix).mp3	parens
songs/2001/Lasgo - something (radio mix).mp3	parens
songs/2001/Light Experience One - Jungle Life (Light Extended Mix).mp3	parens
songs/2001/Lil' Devious - Come Home (Club Mix).mp3	apostrophe,parens
songs/2001/Lilu - Little Girl (Eiffel 65 Radio Edit).mp3	parens
songs/2001/Lilu - Little Girl (Original Edit).mp3	parens
songs/2001/Lilu - Little Girl (Original Mix).mp3	parens
songs/2001/Little Box - Angel (Extended).mp3	parens
songs/2001/Lock 'N Load - House Some More.mp3	apostrophe
songs/2001/Lola Williams - Because The Night (Extended Mix).mp3	parens
songs/2001/Lola Williams - Because The Night (Radio Edit).mp3	parens
songs/2001/Loop 35 - On The Floor (Club Mix).mp3	parens
songs/2001/Loop 35 - On The Floor (Original Mix).mp3	parens
songs/2001/Love Inc - Here Comes The Sunshine (Eiffel 65 Remix) 1.mp3	parens
songs/2001/Luna Park - Space Melody (Full Moon Mix).mp3	parens
songs/2001/M.A.D.R.A.S. - Joy Ride (Extended Version).mp3	parens
songs/2001/M@D - Welcome (In The City, In The Jungle) (Fabietto Arancione Mix).mp3	parens
songs/2001/M@D - Welcome (In The City, In The Jungle) (Mricky & Danieli Extended Mix).mp3	ampersand,parens
songs/2001/M@D - Welcome (In The City, In The Jungle) (Mricky & Danieli Radio Mix).mp3	ampersand,parens
songs/2001/Mabel - Don't Let Me Down (MTJ Extended Mix).mp3	apostrophe,parens
songs/2001/Mabel - Land of sex (M.T.J. Platonico radio).mp3	parens
songs/2001/Mac & Lunatik Presents += - Breath Of Life.mp3	ampersand
songs/2001/Mac & Lunatik Presents += - Matik.mp3	ampersand
songs/2001/Magic Box - Carillon (Gigi D'Agostino Molto Remix).mp3	apostrophe,parens
songs/2001/Magic Box - For Your Love (Extended Mix).mp3	parens
songs/2001/Mamma Luna - IOU (Extended Club Mix).mp3	parens
songs/2001/Mango Maniax - Hit The Floor (Original Club Version).mp3	parens
songs/2001/Marc Et Claude - Tremble (C.J.Stone Remix).mp3	parens
songs/2001/Marc Et Claude - Tremble (Safri Duo Remix) (Technics).mp3	parens
songs/2001/Marc McCain - Skyscraper (Original Mix).mp3	parens
songs/2001/Marco Carola - Avalanche (Ext. Mix).mp3	parens
songs/2001/Maria Rubia - Say It (Miasma Mix).mp3	parens
songs/2001/Maria Rubia - Say It (Point 4 12 Inch Mix).mp3	parens
songs/2001/Maria Rubia - Say It (Rob Searle Dub Mix).mp3	parens
songs/2001/Mark Oh - Tears don't lie 2002 (club version).mp3	apostrophe,parens
songs/2001/Mark Picchiotti Presents Basstoy Featuring Dana Stovall - Runnin (Vocal Mix).mp3	parens
songs/2001/Mark Picchiotti Presents Basstoy Ft. Dana Stovall - Runnin' (Vocal Mix).mp3	apostrophe,parens
songs/2001/Markus - Electronik (Full Mix).mp3	parens
songs/2001/Markus - Electronik (Radio Start).mp3	parens
songs/2001/Markus - Robotronik (DJ Cesare Remix).mp3	parens
songs/2001/Mary J. Blige - Family Affair (Radio Edit).mp3	parens
songs/2001/Mash - Music Is Playing So Loud (Extended Mix).mp3	parens
songs/2001/Massimo Verigotti - Material World (Extended).mp3	parens
songs/2001/Master Mood - Better For You (Techno Version).mp3	parens
songs/2001/Mercalli - Feel Like That (Alternative Mix).mp3	parens
songs/2001/Milk Inc. - Livin' A Lie (Extended).mp3	apostrophe,parens
songs/2001/Milk Inc. - Livin' A Lie (Video Mix).mp3	apostrophe,parens
songs/2001/Milk Inc. - Never Again (Penxten & Vandueren Remix).mp3	ampersand,parens
songs/2001/Milk Inc. - Never Again (Peter Luts Remix).mp3	parens
songs/2001/Milk Inc. - Never again (Radio Alternative).mp3	parens
songs/2001/Milk Inc. - Never Again (Single Mix).mp3	parens
songs/2001/Milk Inc. - Oceans (Pulsedriver Remix).mp3	parens
songs/2001/Milk Inc. - Wide Awake (Extended Mix).mp3	parens
songs/2001/Milk Inc. - Wide Awake (Kevin Marshall Remix).mp3	parens
songs/2001/Milk Inc. - Wide Awake (Radio Mix).mp3	parens
songs/2001/Millane Fernandez - Dam Dubi Dam (Extended).mp3	parens
songs/2001/Ministry of Sound - Ministry of Sound - The Girl Next Door - Salsoul Nugget (If U Wanna).mp3	parens
songs/2001/Mirko DJ - Let's Go (Turbo Mix).mp3	apostrophe,parens
songs/2001/Mo-Dem - Contact (We Gotta Connect) (Warp Brothers Remix).mp3	parens
songs/2001/Mo-Dem - Contact [We Gotta Connect] (Warp Brothers Remix).mp3	brackets,parens
songs/2001/Modjo - Lady (Hear Me Tonight).mp3	parens
songs/2001/Molella - Genik (Escopazzo Team Mix).mp3	parens
songs/2001/Molella - Love Lasts Forever (Radio Edit).mp3	parens
songs/2001/More - Are You Ready (On Air Mix).mp3	parens
songs/2001/More - Save the world (moonrise euro radio mix).mp3	parens
songs/2001/Mutiny - The Virus (King Unique Snakecharmer Mix).mp3	parens
songs/2001/Naïve - Joy Is (Extended Mix).mp3	parens
songs/2001/Narita - Like a paradise (Promo).mp3	parens
songs/2001/Natascha Hagen - Que Sera (Original Extended).mp3	parens
songs/2001/Nau B-3 - El Bosque De Colores (Ruboy Remix).mp3	parens
songs/2001/New Kontrol System, The - Chronology (Hardcore).mp3	parens
songs/2001/No Doubt - Don't Let Me Down.mp3	apostrophe
songs/2001/Noemi Dee - Leave Me Alone (Dance Extended).mp3	parens
songs/2001/Noname - I'm Your DJ.mp3	apostrophe
songs/2001/Nostalgi-K - The Spiritual Base (Baseman Sound).mp3	parens
songs/2001/Novator - Fusion (Trance Mix).mp3	parens
songs/2001/Nu Romantix - Mad World (Pulsedriver Remix).mp3	parens
songs/2001/Nu Romantix (2) And DJ John Bora - Mad World (Extended Version).mp3	parens
songs/2001/Nu Romantix (2) And DJ John Bora - Mad World (Extended).mp3	parens
songs/2001/Nu Romantix (2) And DJ John Bora - Mad World (Martin Eyerer Remix).mp3	parens
songs/2001/Nu Romantix (2) And DJ John Bora - Mad World (Plastic Age Remix).mp3	parens
songs/2001/Nu Romantix (2) And DJ John Bora - Mad World (Pulsedriver Radio Edit).mp3	parens
songs/2001/Nu Romantix (2) And DJ John Bora - Mad World (Pulsedriver Remix).mp3	parens
songs/2001/Nu Romantix (2) And DJ John Bora - Mad World (Radio Edit).mp3	parens
songs/2001/Nu Romantix (2) And DJ John Bora - Mad World (Sounddiver Remix).mp3	parens
songs/2001/Off-Cast Project - Into The Light (Sascha de Vries vs Mario Lopez Club Attack Mix).mp3	parens
songs/2001/Orion Too Featuring Caitlin - You And Me (Original Extended).mp3	parens
songs/2001/Ozz - 01 (Short Mix).mp3	parens
songs/2001/Paps 'N' Skar - Get It On (Extended Mix).mp3	apostrophe,parens
songs/2001/Paps 'N' Skar - Get It On (Short).mp3	apostrophe,parens
songs/2001/Park Paladium - I'm Dying To See You Tonight (Progressive).mp3	apostrophe,parens
songs/2001/Paul Droid - Missing Inside Me (Extended Mix).mp3	parens
songs/2001/Paul Droid - Missing Inside Me (Radio Edit).mp3	parens
songs/2001/Paul Elstak & Stunned Guys, The - Thrillseeks 3.mp3	ampersand
songs/2001/Peran Van Dijk - Good Time (Technics).mp3	parens
songs/2001/Phillip Rushton - Liar (Glass Twins Radio Cut).mp3	parens
songs/2001/Pianola - Don't Miss The Bliss (Extended Remix).mp3	apostrophe,parens
songs/2001/Pinball (4) Feat. DJ Bumpy & DJ Dark - Pinball.mp3	ampersand,parens
songs/2001/Pinkie Tongue - Come to Me Alternative (XTD).mp3	parens
songs/2001/Planet Perfecto - Bites Da Dust (Extended Vocal Mix).mp3	parens
songs/2001/Planet Perfecto - Bites Da Dust (Truncated).mp3	parens
songs/2001/Pont Aeri - Fly Attack (Short).mp3	parens
songs/2001/Pont Aeri Vol. V - Fly Attack (duplicated 2019-09-12T07_50_32).mp3	parens
songs/2001/PPK - ResuRection (Space Club Mix).mp3	parens
songs/2001/Prezioso Feat. Marvin - Bonjour (upped by Dj Claude).mp3	parens
songs/2001/Prezioso Feat. Marvin - Emergency 911 (Club Mix).mp3	parens
songs/2001/Prezioso Feat. Marvin - Let's Talk About A Man (Extended Version).mp3	apostrophe,parens
songs/2001/Prezioso Feat. Marvin - Rock The Discothek (Album Version).mp3	parens
songs/2001/Prezioso Feat. Marvin - Rock The Discothek (Club Mix).mp3	parens
songs/2001/Pro-Active - Visions (Progressive Mix).mp3	parens
songs/2001/Pulsedriver - Cambodia (Blue Bun Radio Edit).mp3	parens
songs/2001/R.E.D. - You Make Me Feel (MMF Original Extended).mp3	parens
songs/2001/Raul Rincon - @ The Station (Station Id).mp3	parens
songs/2001/Rave Fighters - Mexico (Rave Factory Mix).mp3	parens
songs/2001/Revolution (13) - I Will Fly With You.mp3	parens
songs/2001/Revolution (5) & Ivan Dark - Revolution action acid I Dark.mp3	ampersand,parens
songs/2001/Revolution (5) & Ivan Dark - The Frontier Base.mp3	ampersand,parens
songs/2001/Revolution (5) & Ivan Dark - Umbiddible Time.mp3	ampersand,parens
songs/2001/Righeira - Vamos A La Playa 2001 (Dance Movement Remix).mp3	parens
songs/2001/Riva Feat. Dannii Minogue - Who Do You Love Now (Stringer) (Radio Version).mp3	parens
songs/2001/Robbie Vs. Nocera - Lion (Original Extended).mp3	parens
songs/2001/Roberto Molinaro - Up And Down (Dance Mix).mp3	parens
songs/2001/Rockola - Head Horny's & DJ Miguel Serna - No More.mp3	ampersand,apostrophe
songs/2001/Roger Sanchez - Another Chance (full mix).mp3	parens
songs/2001/Roger Sanchez - Another Chance (Original Mix).mp3	parens
songs/2001/Rul-Ex - Ravers (hardcore).mp3	parens
songs/2001/S.M.S. feat Rehb - La Vie C'est Fantastique (Alternative Mix).mp3	apostrophe,parens
songs/2001/S.M.S. feat Rehb - La Vie C'Est Fantastique (Extended Mix).mp3	apostrophe,parens
songs/2001/Safri Duo - Played A Live [Nick Sentience Mix] (The Bongo Song).mp3	brackets,parens
songs/2001/Safri Duo - Played-A-Live (Original Club Version).mp3	parens
songs/2001/Safri Duo - Played-A-Live (Radio Cut).mp3	parens
songs/2001/Safri Duo - Samb-Adagio (Club Version).mp3	parens
songs/2001/Safri Duo - Samb-Adagio (Original Club Version).mp3	parens
songs/2001/Sally Can Dance - All I Need (Extended Mix).mp3	parens
songs/2001/Salsotto Feat. DJ Stella - No Control (Extended Version).mp3	parens
songs/2001/Samantha - Catch Me (Baby).mp3	parens
songs/2001/Scooter - Ramp ! (The Logical Song) (Rad.mp3	parens
songs/2001/Scorpia - By Your Side (Short).mp3	parens
songs/2001/Sektor 909 - The Gael's Return (Hardcore Remix).mp3	apostrophe,parens
songs/2001/Sektor 909 - The Gael's Return (Hardcore Rmx).mp3	apostrophe,parens
songs/2001/Sensitive - Come To Me (Extended).mp3	parens
songs/2001/Sensity World - Get it Up (Dj Ruboy Remix) [Bonus Track].mp3	brackets,parens
songs/2001/Sharon Phillips - Touch Me (Tiefschwarz Remix).mp3	parens
songs/2001/Shaun Baker - Somebody (Club Instrumental Mix).mp3	parens
songs/2001/Sheldon - Im Like A Bird (Dance Mix).mp3	parens
songs/2001/Shepan' - How Do You Feel (Dance Movement Remix).mp3	apostrophe,parens
songs/2001/Shortie vs. Black Legend - Somebody (In The Club Mix).mp3	parens
songs/2001/Silverblue - Do You Know (Extended Vocal Mix).mp3	parens
songs/2001/Silverblue - Step Back (Silver Bullet Remix).mp3	parens
songs/2001/Sirago Feat. Chumi DJ - Follow My Dreams (Euro Mix).mp3	parens
songs/2001/Smallteens (2) Feat. Tzigano - I Believe In Love (Club Radio).mp3	parens
songs/2001/Solar System - Close Your Eyes (Extended).mp3	parens
songs/2001/Solar System - Close Your Eyes (Radio Edit).mp3	parens
songs/2001/Solo - The Moon (First Class Mix).mp3	parens
songs/2001/Solo - The Moon (Super Super Sound).mp3	parens
songs/2001/Song 44 - L'Arrotino.mp3	apostrophe
songs/2001/Sonia & Selena - Yo Quiero Bailar (extended version).mp3	ampersand,parens
songs/2001/Sophie Ellis-Bextor - Take Me Home (radio edit).mp3	parens
songs/2001/Soriani Brothers Feat. Deborah Haslam - Take Me One More Time (Icetribe Eurodance Mix).mp3	parens
songs/2001/Soul 'Amour - Alegria (Technics).mp3	apostrophe,parens
songs/2001/Soundtronic - We Can Fly (Tribal Sphere Action Mix).mp3	parens
songs/2001/Spacio Feat. Rafa Ruiz - Dancer (Spacio Mix).mp3	parens
songs/2001/Starlight - To The Beat (Extended Version).mp3	parens
songs/2001/Starsplash - Free (Club Mix).mp3	parens
songs/2001/Starsplash - Free (Radio Edit).mp3	parens
songs/2001/Stone Phazers - John Wayne (Warp Brothers Remix).mp3	parens
songs/2001/Svenson & Gielen - Twisted (Original Mix).mp3	ampersand,parens
songs/2001/Sylver - Forgiven (Original Extended).mp3	parens
songs/2001/Sylver - Turn The Tide (Airscape Remix).mp3	parens
songs/2001/Sylver - Turn The Tide (CJ-Stone Remix).mp3	parens
songs/2001/Symbol (4) feat. Double X-Side - Eternity (eurotrance Mix).mp3	parens
songs/2001/Symbol (4) feat. Double X-Side - Eternity.mp3	parens
songs/2001/T-Comissi - Forza!! (Short).mp3	parens
songs/2001/T42 (2) Feat. Sharp - Find Time (Fargetta Mix).mp3	parens
songs/2001/T42 (2) Feat. Sharp - Find Time (Fargetta Radio Edit).mp3	parens
songs/2001/Taboo (23) - Sous La Tour Eiffel.mp3	parens
songs/2001/Talisman P. Meets Barrington Levy - Here I Come (Sing DJ) (Extended Revival Mix).mp3	parens
songs/2001/Tanki & Osram - Overtrack II.mp3	ampersand
songs/2001/Tanki & Osram - The Essence.mp3	ampersand
songs/2001/Team DJ's (DJ Killer & DJ Ivory) - Overtracks.mp3	ampersand,apostrophe,parens
songs/2001/Techno DJ's - The Base According Techno DJ's.mp3	apostrophe
songs/2001/Techno Spirit - Overflow (Remix).mp3	parens
songs/2001/Techno Spirit - Overflow (Rmx).mp3	parens
songs/2001/Teknolova - The Legend (Extended Mix).mp3	parens
songs/2001/The Act - Carpe P.M. (Frank J's Remix).mp3	apostrophe,parens
songs/2001/The Fab - Strangers In The Night (Escopazzo Mix).mp3	parens
songs/2001/The Masochist vs Impulse Factory - We Are (like I told ya).mp3	parens
songs/2001/The Oh! - Eternity (Mix 1).mp3	parens
songs/2001/The Quest - On Top (Extended Vocal Mix).mp3	parens
songs/2001/The Quest - Trying To Get Out (Radio Edit).mp3	parens
songs/2001/The Relic - Que Siga La Fiesta (Remix).mp3	parens
songs/2001/The Soundlovers - Abracadabra (Abracadabra Mash Rmx).mp3	parens
songs/2001/The Soundlovers - Abracadabra (Acappella + FX).mp3	parens
songs/2001/The Soundlovers - Living In Your Head (Aeroflot Mix).mp3	parens
songs/2001/The Stunned Guys & DJ Paul - Thrillseeka (The Reactor & Raoul Remix).mp3	ampersand,parens
songs/2001/The Trilogy - Pildo , Freddy , Melocko - Freddy & Melocko Vs. DJ Pildo.mp3	ampersand
songs/2001/The Viper - X-Terminate (T-1000 Mix).mp3	parens
songs/2001/Three Village - Speak To Me (2).mp3	parens
songs/2001/Tiesto - Lethal Industry (Original Mix).mp3	parens
songs/2001/Tixiana - Every Time We Touch (alternative mix).mp3	parens
songs/2001/Tixiana - Every Time We Touch (Extended Mix).mp3	parens
songs/2001/Tommy Vee - Aadizookaanag (traditional story) (Technics).mp3	parens
songs/2001/Transfer - Possession (Short).mp3	parens
songs/2001/Tribal DJ's - First Tribal Nightmare Of A Dj.mp3	apostrophe
songs/2001/Trix - Bomb Bomb (Extended Mix).mp3	parens
songs/2001/Tropicana Feat. DJ Bart - Things To Come (Jump Mix).mp3	parens
songs/2001/Tukan - Light A Rainbow (ATB Remix).mp3	parens
songs/2001/Tukan - Light A Rainbow (CJ Stone Radio Edit).mp3	parens
songs/2001/Tukan - Light A Rainbow (CJ Stone Remix).mp3	parens
songs/2001/Tukan - Light A Rainbow (Green Court Feat. Marc Dawn 7'' Edit).mp3	apostrophe,parens
songs/2001/Tukan - Light A Rainbow (Green Court Feat. Marc Dawn Remix).mp3	parens
songs/2001/Überdruck - Now Or Never (Überdruck Mix).mp3	parens
songs/2001/Unconditional - Feel so right (original mix).mp3	parens
songs/2001/Unconditional - Feels So Right (The Night Edit).mp3	parens
songs/2001/Unconditional - Russian Groove (Original Mix).mp3	parens
songs/2001/Underfish - Universe Of Love (Extended Mix).mp3	parens
songs/2001/Union 1 - So Easy To Love You (Radio Mix).mp3	parens
songs/2001/V-Boccaccio Traxx - Let You Free (Exteded).mp3	parens
songs/2001/Van & Der - At My Side.mp3	ampersand
songs/2001/Vincent De Moor - Fly Away (Extended Radio Version).mp3	parens
songs/2001/Vincent De Moor - Fly Away (Original 12_ Instrumental).mp3	parens
songs/2001/Vinyl Freaks - That's Right (Original Mix).mp3	apostrophe,parens
songs/2001/Virtua Boy - The Real Cool (Extended Version).mp3	parens
songs/2001/Voice 2 Voices - Stop (Radio Edit).mp3	parens
songs/2001/Voodoo & Serano - Blood Is Pumpin.mp3	ampersand
songs/2001/Warmduscher - Hardcore Will Never Die (Derb Remix).mp3	parens
songs/2001/Wax - Don't Let Go.mp3	apostrophe
songs/2001/Web - Mornings (Extented Mix) - TRUNCATED!.mp3	parens
songs/2001/X-Plane - Don't Let Me Go (Radio Edit).mp3	apostrophe,parens
songs/2001/XQue Vol. 7 - Thank You (Original Version).mp3	parens
songs/2001/XQue Vol. 7 - Thank You (Tekno Version).mp3	parens
songs/2001/XTM & DJ Chucky Present Annia - Walk Right Back (XTM Airplay Mix).mp3	ampersand,parens
songs/2001/XTM Presents Annia - 74-75 (DJ Richard & Johnny Bass Mix).mp3	ampersand,parens
songs/2001/XTM Presents Annia - 74-75 (Short).mp3	parens
songs/2002/¡VIVA! - Heart & Soul (Chumi DJ Mix).mp3	ampersand,parens
songs/2002/2 Eivissa - Meaning Of Life (Radio Edit).mp3	parens
songs/2002/3-Force - It's Real (Radio Version).mp3	apostrophe,parens
songs/2002/4 Clubbers - Together (Vocal Club Mix).mp3	parens
songs/2002/Abel Ramos & Ram-J - Poem Without Words.mp3	ampersand
songs/2002/Ago - Put On Your Red Shoes (Gigidagostinopsicoremix).mp3	parens
songs/2002/Ago - Put On Your Red Shoes (Gigidagostinoremix).mp3	parens
songs/2002/Akyra Featuring Maria Rubia - Here Comes The Rain Again (Club Mix).mp3	parens
songs/2002/Akyra Featuring Maria Rubia - Here Comes The Rain Again (DJ Janis vs. Plus One Rmx).mp3	parens
songs/2002/Albert One - Music (Original Extended Mix).mp3	parens
songs/2002/Alex C - Just Dance (Radio Version).mp3	parens
songs/2002/Alex C. Feat. Yasmin K. - Rhythm Of The Night (Lazard Remix).mp3	parens
songs/2002/American Hardcore Alliance - We Will Never Forget (DJ Sabotage Mix).mp3	parens
songs/2002/Andora - Follow You (Extended Voice).mp3	parens
songs/2002/Andrea Brown - It is love (trippin).mp3	parens
songs/2002/Angel Feat. Sistema 3 - Angel's Story.mp3	apostrophe
songs/2002/Angel Sanchez & Sistema 3 - From Madrid To Barcelona.mp3	ampersand
songs/2002/Angel_One - Everybody's Free (Club Mix).mp3	apostrophe,parens
songs/2002/Angelove - It Doesn't Matter (Extended Version).mp3	apostrophe,parens
songs/2002/Angelove - It Doesn't Matter (Radio Edit).mp3	apostrophe,parens
songs/2002/Apollo - Dance (Megara Vs. Dj Lee Rmx).mp3	parens
songs/2002/Apollo - Dance (Rezonance Q Remix).mp3	parens
songs/2002/Aquaflex - Silence (Mr Philips Meets C-Base rmx).mp3	parens
songs/2002/Aquagen - Hard To Say I'm Sorry (Club Mix).mp3	apostrophe,parens
songs/2002/Aquagen - Hard To Say I'm Sorry (Extended Mix).mp3	apostrophe,parens
songs/2002/Aquagen - Hard To Say I'm Sorry (Weird Extended).mp3	apostrophe,parens
songs/2002/Aquagen - Summer Is Calling (Club Mix).mp3	parens
songs/2002/Aquagen - The Summer Is Calling (Extended Mix).mp3	parens
songs/2002/Aquagen Feat. Rozalla - Everybody's Free (Club Mix).mp3	apostrophe,parens
songs/2002/Aquagen Feat. Rozalla - Everybody's Free (Dance Nation Remix).mp3	apostrophe,parens
songs/2002/Aquagen Feat. Rozalla - Everybody's Free (Extended Mix).mp3	apostrophe,parens
songs/2002/Ard Und Jorn - 16 (DJ Nagoom Mix).mp3	parens
songs/2002/Area - Doucement (Radio Edit).mp3	parens
songs/2002/ATB featuring Roberta Carter Harrison - You're Not Alone (ATB Clubb Mix).mp3	apostrophe,parens
songs/2002/ATC - Set Me Free (Extended Remix).mp3	parens
songs/2002/Audiowerk Z - Infierno (Dub Mix).mp3	parens
songs/2002/Aurora - The Day it Rained Forver (Lasgo Vocal).mp3	parens
songs/2002/Autokriminal - D.N.G (Traxx Vrs).mp3	parens
songs/2002/Autokriminal - DNG (Drogas No Gracias).mp3	parens
songs/2002/Avatar - Red Planet (Reverb's Mix).mp3	apostrophe,parens
songs/2002/Avenue 69 - Love Me 4ever (Dance Edit).mp3	parens
songs/2002/Avenue 69 - Love Me 4ever (Dance Extended).mp3	parens
songs/2002/Avenue 69 - Love Me 4ever (Extended Version).mp3	parens
songs/2002/Azzido Da Bass Feat. Roland Clark - Speed (Can You Feel It) (Oliver Klein's Deep Vocal Mix).mp3	apostrophe,parens
songs/2002/Bang Gang - I Like To Move It (The Joker Mix).mp3	parens
songs/2002/Barthezz - Your Thick (Mix a1).mp3	parens
songs/2002/Basik - The Master of Base (Shorter).mp3	parens
songs/2002/Bass-D & King Matthew vs. Re-Style - Land of Hardcore.mp3	ampersand
songs/2002/Bassdrum Project - Jump Up & Down.mp3	ampersand
songs/2002/Bassdrum Project - Let's Go!.mp3	apostrophe
songs/2002/Bastrik 99 - Worlds Flow (King Beat Radio Remix).mp3	parens
songs/2002/Beam vs. Cyrus - All Over The World (DJ Isaac Remix).mp3	parens
songs/2002/Benny Benassi - Satisfaction (B-Deep RMX).mp3	parens
songs/2002/Billy More - Loneliness (Ping Peng Long Mix).mp3	parens
songs/2002/Biohazard - E.C.S.T.A.S.Y. (In Saigon RMX).mp3	parens
songs/2002/Blob - Kick It Hard (Energy Extended Mix).mp3	parens
songs/2002/Bodylotion - How Much Can You Take (Catscan Remix).mp3	parens
songs/2002/Bolo & Uri - Da pack.mp3	ampersand
songs/2002/Brain Ovulation - Kicks & Bass (Acid Step Mix).mp3	ampersand,parens
songs/2002/Breeze & Styles - You're Shining (Scott Brown Remix).mp3	ampersand,apostrophe,parens
songs/2002/Caramell - Allra Bästa Vänner (MilleMP3).mp3	parens
songs/2002/Chasis - Terra Theme (Extended).mp3	parens
songs/2002/Clubspeakers - Have You Ever (Pulsedriver Remix).mp3	parens
songs/2002/Corporation DJ's - Don't Stop Me.mp3	apostrophe
songs/2002/Corporation DJ's - Hard Baby.mp3	apostrophe
songs/2002/Corporations DJs - I'm Bigger.mp3	apostrophe
songs/2002/Criminal DJ's - I'm your best fantasy.mp3	apostrophe
songs/2002/CZR & ITO - Soiree (Original Mix).mp3	ampersand,parens
songs/2002/D Sigual - Emotions (On The Dance Floor).mp3	parens
songs/2002/Daniele Silvestri - Saliro (Promo Remix).mp3	parens
songs/2002/Darrien Kelly & Scott Brown - Geleihoofd.mp3	ampersand
songs/2002/Datura - Will Be One (Alternative).mp3	parens
songs/2002/Datura - Will Be One (MilleMP3).mp3	parens
songs/2002/Datura - Will Be One (Todo En Todos Club).mp3	parens
songs/2002/Datura - Will Be One (Todo En Todos Extended).mp3	parens
songs/2002/David Civera - Que La Detengan (Remix).mp3	parens
songs/2002/David Guetta - Love Don't Let Me Go.mp3	apostrophe
songs/2002/Deal - Maybe One Day (Extended Mix).mp3	parens
songs/2002/Dee Dee - Forever (Ian Van Dahl Remix).mp3	parens
songs/2002/Dee Dee - Forever (Megara Vs DJ Lee Edit).mp3	parens
songs/2002/Dee Dee - The One (Extended Mix).mp3	parens
songs/2002/Denim Project - Freedom To Move (Galleon Radio Mix).mp3	parens
songs/2002/Di Carlo Presents Pumping Corporation - Fire Alert (Pumping Corporation 2 Beers Later Remix).mp3	parens
songs/2002/Di Sera - Take Me (Radio Edit).mp3	parens
songs/2002/Dimensional Insomni - Dimensional Insomni (Base Version).mp3	parens
songs/2002/Dino Lenny - I Feel Stereo (Lenny's Original).mp3	apostrophe,parens
songs/2002/DJ Bum Bum - Tekno Flamenko (Tablao Radio).mp3	parens
songs/2002/DJ Chiky - Three Sides (Chiky & Johan's Energy Style).mp3	ampersand,apostrophe,parens
songs/2002/DJ Chiky & Johan Frank - The Faith.mp3	ampersand
songs/2002/DJ Chiky & Johan Frank - Three sides.mp3	ampersand
songs/2002/DJ Chiky & Johan Frank present Marlex - Come With Me.mp3	ampersand
songs/2002/DJ Chucky - La Sierra (Techno Version).mp3	parens
songs/2002/DJ Dado vs Light - X-files 2002 (long mix).mp3	parens
songs/2002/DJ DBC - Big Bomb Boom (Klubb Mix).mp3	parens
songs/2002/DJ Duro - Time To Dance (Original Mix).mp3	parens
songs/2002/DJ Garlick - Can't Do Without It.mp3	apostrophe
songs/2002/DJ Gere & Mak Attack - Global Base.mp3	ampersand
songs/2002/DJ Gere & Mak Attack - Overload.mp3	ampersand
songs/2002/DJ Gere & Mak Attack - Speed Base.mp3	ampersand
songs/2002/DJ Hinx - El Viento (Martin Eyerer Remix).mp3	parens
songs/2002/DJ Hinx - El Viento (Original Remix).mp3	parens
songs/2002/DJ Hinx - El Viento (Stocker Remix).mp3	parens
songs/2002/DJ J.D.A. - The Extreme Anthem (DJ J.D.A. Extremix).mp3	parens
songs/2002/DJ J.D.A. - The Extreme Anthem (Short).mp3	parens
songs/2002/DJ JDA - The Extreme Anthem (DJ J.D.A. Extremix).mp3	parens
songs/2002/DJ Maki & Abel DXT - Mad Laugh.mp3	ampersand
songs/2002/DJ MarcAurel - Running (Dumonde Remix).mp3	parens
songs/2002/DJ Neophyte & MC Ruffian - Muil Houwe.mp3	ampersand
songs/2002/DJ Nervi vs. DJ Invi & Javi Tracker - N.I.T. Base.mp3	ampersand
songs/2002/Dj Panico - Do U Wanna Fly [Promo Edit].mp3	brackets
songs/2002/DJ Paul Elstak - Rage (DJ J.D.A. Rmx).mp3	parens
songs/2002/DJ Piccolo - If You Really Love Me [Promo].mp3	brackets
songs/2002/DJ Pitu & DJ X-Bueno - Celestial Base.mp3	ampersand
songs/2002/DJ Pitu & DJ X-Bueno - Free Melody.mp3	ampersand
songs/2002/DJ Psycho (4) & DJ Kontrol - Psycho & Kontrol Base Vol.D'5.mp3	ampersand,apostrophe,parens
songs/2002/DJ Ross - Dreamland (Extended Party Mix).mp3	parens
songs/2002/DJ Ross - Emotion (Phonomatika).mp3	parens
songs/2002/DJ Ruboy & Markos 13 - Nothing Can Stop Me.mp3	ampersand
songs/2002/DJ Sammy - Heaven (S 'n' Y Mix Extended).mp3	apostrophe,parens
songs/2002/DJ Steff - Losing My Religion (DJ E-Rick's Hardmix).mp3	apostrophe,parens
songs/2002/DJ Storm - Hybrid Base (Techno Base).mp3	parens
songs/2002/DJ Vince & DJ Zany - More Bazz.mp3	ampersand
songs/2002/DJ Xavo & DJ Celtic - Attack DJ's.mp3	ampersand,apostrophe
songs/2002/DJ Zany - P.L.O.R.K. (Short).mp3	parens
songs/2002/DJs @ Work - Fly with Me (Fasten Seat Belt Mix).mp3	parens
songs/2002/Dowster & Uprise (6) _ UD4 - Something.mp3	ampersand,parens
songs/2002/Ebony - Andger The Love's Theme.mp3	apostrophe
songs/2002/Eiffel 65 - Cosa Resterà (In A Song) (Gabry Ponte Edit).mp3	parens
songs/2002/Eiffel 65 - Cosa Resterà (In A Song) (Gabry Ponte FM Cut).mp3	parens
songs/2002/El Canto Del Loco, Amaia Montero - Puede Ser (with Amaia Montero).mp3	parens
songs/2002/Ela Ilham - Tell Me Why I Cry (Extended Play).mp3	parens
songs/2002/Elements - I Need Your Punk (Hard Version).mp3	parens
songs/2002/Elements - Live your dreams (Kubik version).mp3	parens
songs/2002/Emmanuel Top - Acid Phase (Kai Tracid Remix).mp3	parens
songs/2002/Emmanuel Top - Acid Phase (Original Mix).mp3	parens
songs/2002/Erika - Ditto (Extended Mix).mp3	parens
songs/2002/Essential DJ-Team - Ong-Diggi-Dong (Essential Hard House Club-Mix).mp3	parens
songs/2002/Fargetta Featuring Smooth (16) - Good Times (Get-Far Edit Mix).mp3	parens
songs/2002/FIFA World Cup - Anthem Remix (Vangelis).mp3	parens
songs/2002/Flesh & Bones - Rigor Mortis (I Love You).mp3	ampersand,parens
songs/2002/Flip & Fill Feat. Kelly Llorenna - True Love Never Dies.mp3	ampersand
songs/2002/Floorfilla - Le Delire (Dj Cerla Floorfiller Mix).mp3	parens
songs/2002/Floorfilla - Le Delire (Extended Mix).mp3	parens
songs/2002/Floorfilla - Le Delire (Radio Edit).mp3	parens
songs/2002/Floorfilla - Technoromance (Album Version).mp3	parens
songs/2002/Floorfilla - Technoromance (Glass Twins Floor Extended).mp3	parens
songs/2002/French Affair - I Like That (Extended Club Version).mp3	parens
songs/2002/French Affair - I Llke That (Radio Edit).mp3	parens
songs/2002/Fussion DJ's Presents DJ Rius & DJ Tool - Be Yourself (Techno).mp3	ampersand,apostrophe,parens
songs/2002/G-Spott - G-Licious (Club Mix).mp3	parens
songs/2002/G-Spott - G-Licious (Pitchy's Radio Edit).mp3	apostrophe,parens
songs/2002/G.Pal Featuring Anna Maria X - Ocean Of Blue (Original Mx).mp3	parens
songs/2002/Gabry Ponte - Geordie (Extended).mp3	parens
songs/2002/Gabry Ponte - Geordie (Intro).mp3	parens
songs/2002/Gabry Ponte - Geordie (London Bridge Remix).mp3	parens
songs/2002/Gabry Ponte - Geordie (Radio).mp3	parens
songs/2002/Gabry Ponte - Time To Rock (Roby Molinaro Rmx).mp3	parens
songs/2002/Gigi D'Agostino - Atmosphere (Demo Cut).mp3	apostrophe,parens
songs/2002/Gouryella - Ligaya (Extended Vocal Mix).mp3	parens
songs/2002/Gregory-B - World Of Dreams (Head Horny's & Rafa U.S.M Rmx).mp3	ampersand,apostrophe,parens
songs/2002/Groove Coverage - God Is A Girl (Album Version).mp3	parens
songs/2002/Groove Coverage - God Is A Girl (Extended Version).mp3	parens
songs/2002/Groove Coverage - God Is A Girl (Radio Edit).mp3	parens
songs/2002/Groove Coverage - Moonlight Shadow (Extended Version).mp3	parens
songs/2002/Groove Coverage - Moonlight Shadow (Radio Version).mp3	parens
songs/2002/Groove Coverage - Moonlight Shadow (Rocco Remix).mp3	parens
songs/2002/Guy Gerber & Sahar Z - Kenny's Back.mp3	ampersand,apostrophe
songs/2002/Gypsymen - Camarera (Mix 1).mp3	parens
songs/2002/Harry James - Disco Desire (Fashion Radio).mp3	parens
songs/2002/Hot Coffee presents Pink Coffee - Another Brick In The Wall (Saffa 135 Extended).mp3	parens
songs/2002/Hotel Saint George - Welcome To My Life (Radio Edit).mp3	parens
songs/2002/Ian Van Dahl - Reason (Extended Mix).mp3	parens
songs/2002/Ian Van Dahl - Reason (Radio Edit).mp3	parens
songs/2002/Ian Van Dahl - Try (Extended Version).mp3	parens
songs/2002/Ian Van Dahl - Will I (Radio Edit).mp3	parens
songs/2002/Ian Van Dahl - Will I (Technics).mp3	parens
songs/2002/Ikeya Zhang - The Night (Club Mix).mp3	parens
songs/2002/Ikeya Zhang - The Night (Original Mix).mp3	parens
songs/2002/Ikeya Zhang - The Night (Radio Edit).mp3	parens
songs/2002/Jan Wayne - Because The Night (Extended Version).mp3	parens
songs/2002/Jessie - One & One (Radio Version).mp3	ampersand,parens
songs/2002/Jessy - Look At Me Now (Radio Edit).mp3	parens
songs/2002/Jet Set - Sunshine (Open You Heart) (Technics).mp3	parens
songs/2002/Jobseekers (2) - True Love Never Dies.mp3	parens
songs/2002/John Ray - Over and over (Live Elements Original Mix).mp3	parens
songs/2002/Jones & Stephenson - The first Rebirth (Airwave remix 2002).mp3	ampersand,parens
songs/2002/Jordan & Baker - Explode (Epic Extended Version).mp3	ampersand,parens
songs/2002/K-Psula & DJ Frank Present Coliseum - Acusti-K.mp3	ampersand
songs/2002/K4 - Kiss Me (Extended Mix).mp3	parens
songs/2002/K4 - Kiss Me (Radio Edit).mp3	parens
songs/2002/K4 - Kiss Me (Trans X Mix).mp3	parens
songs/2002/Karaja - She Moves (La la la Mix).mp3	parens
songs/2002/Karaja - She Moves (La La La) (Extended Mix).mp3	parens
songs/2002/Kid Creme feat. Shawnee Taylor - Austin Groove (Let Me Live).mp3	parens
songs/2002/Kim English - Everyday (Hex Hector Mix).mp3	parens
songs/2002/L&L - Come In 2 My Life (Vanni G Original Radio).mp3	ampersand,parens
songs/2002/La Luna - Here I Am (Club Mix).mp3	parens
songs/2002/La Luna - Here I Am (Nicolaï Warnez Remix).mp3	parens
songs/2002/La Luna - Here I Am (Radio Mix).mp3	parens
songs/2002/La Luna - Kisses Of Fire (Space Cadets Mix).mp3	parens
songs/2002/Laava - Wherever You Are (Radio Edit) (Not Original).mp3	parens
songs/2002/Lalu - Stand By Me (MilleMP3).mp3	parens
songs/2002/Lange Feat. Skye - Drifting Away (Original Mix).mp3	parens
songs/2002/Las Ketchup - The Ketchup Song (Asereje) (Spanglish Version).mp3	parens
songs/2002/Lasgo - Alone (DJ Shog Remix).mp3	parens
songs/2002/Lasgo - I Wonder (Original Club Mix).mp3	parens
songs/2002/Latin Lovers - La Fiesta (Original Happy Techno Mix).mp3	parens
songs/2002/Latin Lovers - La Fiesta (Puppet Version).mp3	parens
songs/2002/Loop 35 - On The Floor (Remix).mp3	parens
songs/2002/M.A.D.R.A.S. - Tokakrash (Toka Radio Version).mp3	parens
songs/2002/Mabel - Come To Light (Moonlight).mp3	parens
songs/2002/Mabel - The Shower (M.T.J Water Extended Mix).mp3	parens
songs/2002/Mabel - The Shower (M.T.J Water Radio).mp3	parens
songs/2002/Mad House - Like A Prayer (Extended).mp3	parens
songs/2002/Mad'house - Holiday (Main Mix).mp3	apostrophe,parens
songs/2002/Mad'house - Into the groove.mp3	apostrophe
songs/2002/Mad'house - Like a prayer (Rara).mp3	apostrophe,parens
songs/2002/Mario Più - Love Game (On Air Mix).mp3	parens
songs/2002/Mario Più Presents Union (10) - Believe Me (Pandolfi Mix).mp3	parens
songs/2002/Mark 'Oh - Let this Party Never End (Video Cut).mp3	apostrophe,parens
songs/2002/Markus - My Music (Extended Mix).mp3	parens
songs/2002/Mash - I Like The House (Rcdc Radio Mix).mp3	parens
songs/2002/Mash - In Your Arms (Cutting Mix).mp3	parens
songs/2002/Maskara - Dansez (Pironyx Hit Radio).mp3	parens
songs/2002/Master Blaster - Hypnotic Tango (Club Mix).mp3	parens
songs/2002/Master Mood - Friday Night (Karaibi Mix).mp3	parens
songs/2002/Master Mood - Friday Night (Latin Edit).mp3	parens
songs/2002/Master Mood - Friday Night (Latin Extended).mp3	parens
songs/2002/Mauro Picoto - Pulsar 2002 (MilleMP3).mp3	parens
songs/2002/MC Rage with Digital Boy & DJ Bike - How U Diein' (The Infectors Remix by DJ Ruboy & Kim Junior).mp3	ampersand,apostrophe,parens
songs/2002/Melomaniacs - Out Of This World (Extended).mp3	parens
songs/2002/Menthal Theo - Revolution (Accuface Rmx Radio Edit).mp3	parens
songs/2002/Menthal Theo - Revolution (Leihhaus Rmx Radio Edit).mp3	parens
songs/2002/Metallic Glide - Groove Cut (Harem X Version).mp3	parens
songs/2002/Metallic Glide - Groove Cut (Radio Edit).mp3	parens
songs/2002/Metallic Glide - Groove Cut (Roby Molinaro Remix).mp3	parens
songs/2002/Michael Simon - To Be Love (Robbie Rivera Dub Mix) (2).mp3	parens
songs/2002/Milk Inc. - Breathe Without You (DJ Wout Remix).mp3	parens
songs/2002/Milk Inc. - Breathe Without You (O2 Expanded).mp3	parens
songs/2002/Milk Inc. - Breathe Without You (Radio Mix).mp3	parens
songs/2002/Milk Inc. - In My Eyes (DJ Philip Radio Edit).mp3	parens
songs/2002/Milk Inc. - Sleepwalker (DJ Philip Remix).mp3	parens
songs/2002/Milk Inc. - Sleepwalker (Expanded Mix).mp3	parens
songs/2002/Milk Inc. - Sleepwalker (Radio Edit).mp3	parens
songs/2002/Millennium & Cosmic Club - Come With Me (HSP Remix) (Club Edit).mp3	ampersand,parens
songs/2002/Millennium & Cosmic Club - Come With Me (HSP Remix) (Radio Edit).mp3	ampersand,parens
songs/2002/Millennium & Cosmic Club - Come With Me (Original Progressive) (Club Edit).mp3	ampersand,parens
songs/2002/Millennium & Cosmic Club - Come With Me (Original Progressive) (Radio Edit).mp3	ampersand,parens
songs/2002/Milo - Jungle Of Mirror (Original Mix).mp3	parens
songs/2002/Minimalistix - Close Cover (radio edit).mp3	parens
songs/2002/Molella - Love Lasts Forever (Extended Mix).mp3	parens
songs/2002/Molella - T.V.A.B (Ma Che Belli Belli Siamo Mix).mp3	parens
songs/2002/Molella - T.V.A.B. (Amici Miei Mix).mp3	parens
songs/2002/Molella - Whistle's Party (Via a Stare Bene Mix).mp3	apostrophe,parens
songs/2002/Molella - Whistle's Party.mp3	apostrophe
songs/2002/Monica X - I'm The Deejay (Monica X Remix).mp3	apostrophe,parens
songs/2002/Monica X - I'm the deejay (Monica X Rmx).mp3	apostrophe,parens
songs/2002/Montilla - All Night (Vocal Extended Mix).mp3	parens
songs/2002/Moony - Dove (I'll Be Loving You).mp3	apostrophe,parens
songs/2002/Moony - Dove (T&F Vs. Moltosugo Club Mix).mp3	ampersand,parens
songs/2002/More - I'm Ready For The Glory (Extended Mix).mp3	apostrophe,parens
songs/2002/More - I'm Ready For The Glory (On Air Mix).mp3	apostrophe,parens
songs/2002/Motion 3 Feat. Maria Nayler - Babyland (72 Attack Mix).mp3	parens
songs/2002/Motion 3 Feat. Maria Nayler - Babyland (Radio Edit).mp3	parens
songs/2002/Natascha Hagen - Without You (Original Extended).mp3	parens
songs/2002/Neighbour DJ's - Frequency.mp3	apostrophe
songs/2002/Nicole Brand - Forever With Me (Original Radio).mp3	parens
songs/2002/Nicole Brand - Remember Me (Scialali Scialala) (Original Radio).mp3	parens
songs/2002/Noémi - In My Dreams (Extended Edit).mp3	parens
songs/2002/Noémi - In My Dreams (XXL mix).mp3	parens
songs/2002/Noemi - Y.O.U (Mezziah Mix).mp3	parens
songs/2002/Noname - Tekno (Fonell and Cris Radio Edit).mp3	parens
songs/2002/Nordlander - The Forgotten Dream (Nightfall Mix).mp3	parens
songs/2002/Novaspace - Time After Time (Extended Version).mp3	parens
songs/2002/Novaspace - Time After Time (Less Vocal Version).mp3	parens
songs/2002/Novaspace - Time After Time (Novaspace Mix) (Less Vocal Version).mp3	parens
songs/2002/Novaspace - Time after time (radio edit).mp3	parens
songs/2002/Novaspace - To France (Nova Mix (Club Version)).mp3	parens
songs/2002/Novaspace - To France (Radio Edit).mp3	parens
songs/2002/Novaspace - To France (Space Mix (Less Vocal Version)).mp3	parens
songs/2002/Noxter - Winer Jump (Short).mp3	parens
songs/2002/Noyze - Stay With Me (Pulse Remix).mp3	parens
songs/2002/On Line - My World (MilleMP3) [Promo] .mp3	brackets,parens
songs/2002/On Line - Song Of Peace (radio edit).mp3	parens
songs/2002/On-Line - Song Of Peace (Extended Promo).mp3	parens
songs/2002/Orion Too - Hope and Wait (Radio edit).mp3	parens
songs/2002/Our Destination - In Your Face (Club Mix).mp3	parens
songs/2002/Out Of Grace - 140 BPM (Deepack Remix).mp3	parens
songs/2002/Oxyd - Is It You (Club Extended).mp3	parens
songs/2002/Paffendorf - Be Cool (Club Mix).mp3	parens
songs/2002/Paloma (13) - My Signorina (Disco Edit).mp3	parens
songs/2002/Paps N Skar - Loving You (Lovely Edit).mp3	parens
songs/2002/Paps N Skar - Loving You (Lovely Long Mix).mp3	parens
songs/2002/Paps N Skar - Loving You (MilleMP3).mp3	parens
songs/2002/Pastis & Buenri - Hypnotize.mp3	ampersand
songs/2002/Pastis & Buenri - Hypnotyze.mp3	ampersand
songs/2002/Paul Droid & Azidman - I Believe In Tomorrow (Extension Mix).mp3	ampersand,parens
songs/2002/Paul Elstak - 02_ Ready for judgement day (f.mp3	parens
songs/2002/Paul Elstak & Endymion with MC Rage - Hardcore Till We Die.mp3	ampersand
songs/2002/Paul Elstak & Promo - Enemies 4 Life (DJ Paul Mix).mp3	ampersand,parens
songs/2002/Paul Elstak & Promo - Enemies 4 Life (DJ Promo Mix).mp3	ampersand,parens
songs/2002/Perplexer - Church of House (Heaven & Hell Mix).mp3	ampersand,parens
songs/2002/Phil Jay - Feel Alive (Extended City Mix).mp3	parens
songs/2002/Pink Coffee - Another Brick in the Wall (Saf 2.mp3	parens
songs/2002/Platform 3 - Show Me (Trance Mix).mp3	parens
songs/2002/Pont Aeri Vol. 6 - Reaching Dreams (Gerard Requena Remix).mp3	parens
songs/2002/Porcelain - Flipside(A2).mp3	parens
songs/2002/Porcelain - Given Name(Ghost Footless Mix)(B2).mp3	parens
songs/2002/Porcelain - Given Name(Vince Davis Mix)(B1).mp3	parens
songs/2002/Praise Cats Featuring Andrea Love - Shined on Me (Dj Spark Remix).mp3	parens
songs/2002/Prezioso Feat. Marvin - Bonjour (Homer Mix).mp3	parens
songs/2002/Prezioso Feat. Marvin - Let Me Stay (Ce Pensa Gio Mix).mp3	parens
songs/2002/Prezioso Feat. Marvin - Somebody (Radio Mix).mp3	parens
songs/2002/Prezioso Feat. Marvin - We Rule the Danza (Large Version).mp3	parens
songs/2002/Prezioso Feat. Marvin - We Rule the Danza (Radio Version).mp3	parens
songs/2002/Prism - Edge Of Heaven (MilleMP3).mp3	parens
songs/2002/Pulsedriver - Cambodia (Extended Vocal Mix).mp3	parens
songs/2002/Question Mark - Mentira (Solar System vs. Elastica Rmx).mp3	parens
songs/2002/Raul Soto & Jaime Gimeno Presents 2 Styles, The - Working.mp3	ampersand
songs/2002/Rave Allstars - Braucht Ihr Mehr (Radio Edit).mp3	parens
songs/2002/Rave Allstars - Oder Braucht Ihr Mehr (Extended Mix).mp3	parens
songs/2002/Rave Fighters - Jumper Train (STS Mix).mp3	parens
songs/2002/Red Hot Chili Peppers - Can`t Stop.mp3	backtick
songs/2002/Regina - I Am Back (Promo Mix).mp3	parens
songs/2002/Regina - I Am Back (Short).mp3	parens
songs/2002/Reload - The Kick (Nucleus Alarm).mp3	parens
songs/2002/Rimini Project - To Be Or Not To Be (Radio Edit).mp3	parens
songs/2002/Riva - Time Is The Healer (Armin van Buuren Vocal).mp3	parens
songs/2002/Rosa - Europe's Living A Celebration.mp3	apostrophe
songs/2002/RSDJ - Come To Me (Original Disco).mp3	parens
songs/2002/RSDJ - Come to Me (Promo Edit).mp3	parens
songs/2002/RuPaul vs. Gitta - You're No Lady (Get-Far Fargetta Empty Edit).mp3	apostrophe,parens
songs/2002/RuPaul vs. Gitta - You're No Lady (Get-Far Fargetta Empty Mix).mp3	apostrophe,parens
songs/2002/RuPaul vs. Gitta - You're No Lady (Get-Far Fargetta Full Edit).mp3	apostrophe,parens
songs/2002/RuPaul vs. Gitta - You're No Lady (Get-Far Fargetta Full Mix).mp3	apostrophe,parens
songs/2002/S.M.S. Feat Rehb - Amour Bijou Bijou (Radio Mix).mp3	parens
songs/2002/S.M.S. Feat. Rehb - Amour Bijou Bijou (Extended Version).mp3	parens
songs/2002/S.M.S. Feat. Rehb - La Vie C'Est Fantastique [xtd mix].mp3	apostrophe,brackets
songs/2002/Safri Duo Feat Meets Ayla - Sunrise (Radio Edit).mp3	parens
songs/2002/Safri Duo Feat. Michael McDonald - Sweet Freedom (Extended Version).mp3	parens
songs/2002/Sash! - Ganbareh (Careca Rmx).mp3	parens
songs/2002/Sash! - Ganbareh (Mango Maniax Trance Atlantic Remix).mp3	parens
songs/2002/Sash! - Ganbareh (Rodriguez Remix).mp3	parens
songs/2002/Sash! - Ganbareh (Single Edit).mp3	parens
songs/2002/Sash! - Ganbareh (X-Tended Version).mp3	parens
songs/2002/Scooter - Nessaja (Original Mix).mp3	parens
songs/2002/Scott Brown - May Your Mother Die (Short).mp3	parens
songs/2002/Sequential (2) Feat. Kleph - Que Lindo (Chupame).mp3	parens
songs/2002/Shakedown - At Night (Kid Creme Club Mix).mp3	parens
songs/2002/Shelley - I Will Follow You (MilleMP3).mp3	parens
songs/2002/Snap! - Rhythm Is A Dancer (CJ Stone Club Mix).mp3	parens
songs/2002/Snap! - Rhythm Is A Dancer (CJ Stone Dub Mix).mp3	parens
songs/2002/Snap! - Rhythm Is A Dancer (CJ Stone Short).mp3	parens
songs/2002/Snap! - Rhythm is A Dancer 2002 (Cj St.mp3	parens
songs/2002/Sono - Blame (Extended).mp3	parens
songs/2002/Starling - Red Balloon (Club Mix).mp3	parens
songs/2002/Station DJ's Feat. Ryan (20) - DuST iN ThE WiND.mp3	apostrophe,parens
songs/2002/Submission - Dancin' All Around (Club Radio).mp3	apostrophe,parens
songs/2002/Sugar M. - Ready 4 your Kiss (MilleMP3).mp3	parens
songs/2002/Swish - All I See is You (Promo).mp3	parens
songs/2002/Swish - Better Believe (Radio Mix).mp3	parens
songs/2002/Symphonic - Spanish Night (Extended).mp3	parens
songs/2002/System Drivers - Rhythm Is A Dancer (Extended Mix).mp3	parens
songs/2002/t.A.T.u. - All The Things She Said (Radio Version).mp3	parens
songs/2002/Techno DJ's vs. Brainstorming - Crazy Musical Box.MP3	apostrophe
songs/2002/Techno DJ's vs. Brainstorming - I Begin To Live.mp3	apostrophe
songs/2002/Techno DJ's vs. Brainstorming - Volcanik.mp3	apostrophe
songs/2002/Tha Playah - Hit' Em.mp3	apostrophe
songs/2002/The Creatures Vs Gotha - Believe in Yourself (Promo Edit).mp3	parens
songs/2002/The Product G&B - Dirty Dancin' (Robbie Rivera's Fierce Mix).mp3	ampersand,apostrophe,parens
songs/2002/The Red Devils Anthem - Goooaal We Need The Maximum (Extended Mix).mp3	parens
songs/2002/The Soundlovers - Flow (Edit Flow).mp3	parens
songs/2002/The Soundlovers - Flow (Extended Flow).mp3	parens
songs/2002/Tim Deluxe feat. Sam Obernik - It Just Won't Do (Radio Edit).mp3	apostrophe,parens
songs/2002/Tim Deluxe Featuring Sam Obernik - It Just Won't Do (Club Mix).mp3	apostrophe,parens
songs/2002/Tony Salmonelli - Hey (DJ The Viper Remix).mp3	parens
songs/2002/Trance Allstars - Lost In Love (ATB Mix).mp3	parens
songs/2002/Trijay's - K-ntik.mp3	apostrophe
songs/2002/Trim - Eye In The Sky (D.M. Radio Version).mp3	parens
songs/2002/Trim - Eye In The Sky (Dance Movement Remix).mp3	parens
songs/2002/Underfish - The Mission (Original Radio Edit).mp3	parens
songs/2002/Vangelis - Anthem (JS16 Remix - Radio Edit).mp3	parens
songs/2002/Venus - Wish You Were Here (The Club Mix).mp3	parens
songs/2002/Vincent De Bishi - Flowtation (Mr. Bishi Remix).mp3	parens
songs/2002/Virus (16) - Kimera.mp3	parens
songs/2002/Voice 2 Voice - Don't let go.mp3	apostrophe
songs/2002/Warmduscher Feat. Lamont Humphrey - Hardcore Will Never Die (Vocal Mix).mp3	parens
songs/2002/Wax - Destiny (Another Version).mp3	parens
songs/2002/Wicked Plastic - God Is A Zilla (Indurro Dj Team Mix).mp3	parens
songs/2002/X-One - Wet Wet Wet (Promo Edit).mp3	parens
songs/2002/X-Press 2 Featuring David Byrne - Lazy (Radio Edit).mp3	parens
songs/2002/X-Treme (2) Feat. Marian Dacal - Is for God.mp3	parens
songs/2002/Xavo & Celtic - X-Base.mp3	ampersand
songs/2002/Yamino - Fly With Me (Radio Mix).mp3	parens
songs/2002/Yanou Presents Do - On And On (DJ's @ Work Rmx).mp3	apostrophe,parens
songs/2002/York Feat. Alaska - Yesterday (Silence) (Full Vocal Mix).mp3	parens
songs/2002/York Feat. Alaska - Yesterday (Silence) (Taucher Remix).mp3	parens
songs/2002/ZX aka Zenith & Avex - Scream (Main Club Mix).mp3	ampersand,parens
songs/2003/Ago - Tell Me Where You Are (O.S.I.R.I.S. vs. Boostar Remix).mp3	parens
songs/2003/Al-Khemiens Present Beny & DJ Sek - The Dimensions.mp3	ampersand
songs/2003/Al-Khemiens present DJ Ortuño vs DJ Sepi - Your Choice (Extended Version).mp3	parens
songs/2003/Al-Khemiens Present DJ Robert & DJ Sisu - No Time To Cry.mp3	ampersand
songs/2003/Al-Khemiens Present DJ Robert & DJ Sisu - Psicotropics.mp3	ampersand
songs/2003/Al-Khemiens Present DJ Robert & DJ Sisu - The Hard Beats.mp3	ampersand
songs/2003/Alan & Ray - Mediterrania (Vocal).mp3	ampersand,parens
songs/2003/Alex C. Feat. Yasmin K. - Rhythm Of The Night (Flip & Fill Radio Mix).mp3	ampersand,parens
songs/2003/Alex Laser & DJ Lobo - Ma-ki-na # 1.mp3	ampersand
songs/2003/Alkhemiens Present DJ Beny & DJ Sek - The Dimensions.mp3	ampersand
songs/2003/Alo-k2 (DJ Demon & Dani Delirio) - Arena 2003.mp3	ampersand,parens
songs/2003/Autokriminal - Express (Original mix).mp3	parens
songs/2003/Basephobia - Androgena Base (Muñoz & Isma).mp3	ampersand,parens
songs/2003/Basik Feat. Lia - In My Dreams (Hardcore Version).mp3	parens
songs/2003/Basik Feat. Lia - In My Dreams (Tekno-Makina Version).mp3	parens
songs/2003/Benassi Bros. - Illusion (Sfaction Mix).mp3	parens
songs/2003/Beny & Nen - Forever And Ever.mp3	ampersand
songs/2003/Beyoncé, JAY-Z - Crazy In Love (feat. Jay-Z).mp3	parens
songs/2003/BK - Revolution (Alphazone Remix).mp3	parens
songs/2003/Blutonium Boy - Make It Loud (Radio Mix).mp3	parens
songs/2003/Bolo & Uri vs. Emo DJ - The Drunked Kids.mp3	ampersand
songs/2003/Bounce - Why (Extended Mix).mp3	parens
songs/2003/Brothers - Sexy Girl (Best DJ Version).mp3	parens
songs/2003/Brothers - Sexy Girl (Edit Mix).mp3	parens
songs/2003/Brothers - The Moon (Best DJ Version).mp3	parens
songs/2003/Charly Lownoise & Mental Theo Present Starsplash - Wonderful Days 2001.mp3	ampersand
songs/2003/Chicane - Don't Give Up feat. Bryan Adams - Original Mix.mp3	apostrophe
songs/2003/Criminal DJ's - Hard Violet.mp3	apostrophe
songs/2003/Dani Fiesta - Fiesta Loca (Bump. Inc Remix).mp3	parens
songs/2003/Darren Tate Vs. Jono Grant - Let The Light Shine In (Original Vocal Mix).mp3	parens
songs/2003/Darren Tate vs. Jono Grant - Let The Light Shine In (Solar System Remix).mp3	parens
songs/2003/Deepack - Here's Johnny.mp3	apostrophe
songs/2003/Delirium Corporation - The Name Of Love (Tekno-Makina Version).mp3	parens
songs/2003/Deluxe (6) Feat. Tammy - Eyes on You.mp3	parens
songs/2003/DHHD - Funky Shit (DJ Trilok's Trauma Mix).mp3	apostrophe,parens
songs/2003/DJ Big & DJ Bronk-s - Bass Modulation.mp3	ampersand
songs/2003/DJ Charly & Garlic - Happy.mp3	ampersand
songs/2003/DJ Coone - And The Beat Goes On (Hardstyle Edit).mp3	parens
songs/2003/DJ Cristian & DJ Dabit - Kick From Ass.mp3	ampersand
songs/2003/DJ CROSS-B - CHICKEN MEMORY (REMIX 2003).mp3	parens
songs/2003/DJ DBC & DJ Pulser - Run Away (Club Mix).mp3	ampersand,parens
songs/2003/DJ Fer & Nano V6 - Quimi-k.mp3	ampersand
songs/2003/DJ Fili & Christian Millan - Ilogiko.mp3	ampersand
songs/2003/DJ Gusta & Oscar Dee - Power Fly.mp3	ampersand
songs/2003/DJ Isaac - Go Insane (Short).mp3	parens
songs/2003/DJ Kick & Midi Mark - King Of The Style (Bassdrum Project Remix).mp3	ampersand,parens
songs/2003/DJ Lhasa vs Gabry Ponte - Giulia (DJ Lhasa Mix).mp3	parens
songs/2003/DJ Lhasa vs Gabry Ponte - Giulia (Gabry Ponte Rmx).mp3	parens
songs/2003/DJ Lhasa vs. Gabry Ponte - Activate (Extended Mix).mp3	parens
songs/2003/DJ Lhasa vs. Gabry Ponte - Giulia (Gabry Ponte Remix Fmcut).mp3	parens
songs/2003/DJ Maki & Abel DXT - Histeria.mp3	ampersand
songs/2003/DJ Marc & DJ Ferran - Animal Instinct.mp3	ampersand
songs/2003/DJ Marc & DJ Ferran - Basscontrolemania.mp3	ampersand
songs/2003/DJ Marc & DJ Ferran - Marc & Ferran Bass.mp3	ampersand
songs/2003/DJ Misjah & Tim - Access (Original 12'').mp3	ampersand,apostrophe,parens
songs/2003/DJ Mito & Emo DJ - Best Party (Warro Mix).mp3	ampersand,parens
songs/2003/DJ Nico (4) & Sebasrulas & DJ A-Ron - Bizarre (Basic Progressive Mix).mp3	ampersand,parens
songs/2003/DJ Nico (4) & Sebasrulas & DJ A-Ron - I'll Be There For You (Hard Techno).mp3	ampersand,apostrophe,parens
songs/2003/DJ Pildo & DJ Freddy - Fussion Base.mp3	ampersand
songs/2003/DJ Pildo & DJ Freddy - Pilddy Vol. 1.mp3	ampersand
songs/2003/DJ Quicksilver - New Life (Single Edit).mp3	parens
songs/2003/DJ Quicksilver - Rising Up (Club Mix).mp3	parens
songs/2003/DJ Ross - Lonely (Emotion) (Emotion XXL Radio Version).mp3	parens
songs/2003/DJ Ruboy - My First Song (Old Makina 2003 Version).mp3	parens
songs/2003/DJ Ruboy & DJ Sonic - Wanna Party.mp3	ampersand
songs/2003/DJ Ruboy Vs DJ Piku - The Sound of Hard Bass (Kick On Your Face).mp3	parens
songs/2003/DJ Ruboy VS Xavi Dicson - Let's Go.mp3	apostrophe
songs/2003/DJ Ruboy vs. Tanki & Osram - Liquid Silence.mp3	ampersand
songs/2003/DJ Storm & DJ Rius - Back To The Future Base.mp3	ampersand
songs/2003/DJ Virus & Blutonium Boy - Paranoid (Blutonium Boy Sound Massaka Mix).mp3	ampersand,parens
songs/2003/DJ Vortex & Arpa's Dream - Crazy (Original Remastered Mix).mp3	ampersand,apostrophe,parens
songs/2003/DJ Yoeri - Don't Copy Me (Original Mix).mp3	apostrophe,parens
songs/2003/Erika - I Don't Know (C.Y.T. Remix).mp3	apostrophe,parens
songs/2003/Erika - I Don't Know (Extended Mix).mp3	apostrophe,parens
songs/2003/Erika - I Don't Know (Radio Mix).mp3	apostrophe,parens
songs/2003/Evil Activities & Viper, The - Project Hardcore (Additional Mix).mp3	ampersand,parens
songs/2003/Evil Activities & Viper, The - Project Hardcore (Original Mix).mp3	ampersand,parens
songs/2003/Extr3s - Papipapapipa (Pipa Old School Base 2003).mp3	parens
songs/2003/Foggy - Come (Into My Dream) (Club Radio Cut).mp3	parens
songs/2003/Gabry Ponte - La Danza Delle Streghe (Corto Mix).mp3	parens
songs/2003/Gabry Ponte - La Danza Delle Streghe (Lungo Mix).mp3	parens
songs/2003/Gemelli Diversi - Mary (Molella Remix).mp3	parens
songs/2003/Global DJ's vs Alex Laser & DJ Lobo - Directly hard.mp3	ampersand,apostrophe
songs/2003/Global DJ's vs Alex Laser & DJ Lobo - Skycrapers.mp3	ampersand,apostrophe
songs/2003/Groove Coverage - Poison (Club Mix Short) (2).mp3	parens
songs/2003/Groove Coverage - Poison (Club Mix Short).mp3	parens
songs/2003/Groove Coverage - Poison (Extended Version).mp3	parens
songs/2003/Groove Coverage - Poison (Tune Up! Mix).mp3	parens
songs/2003/Hard Hauze - Basic For Mixin' (Short).mp3	apostrophe,parens
songs/2003/Hard-In-Tango - This Is My DJ (Original Fisa Edit Mix).mp3	parens
songs/2003/Hard-In-Tango - This Is My DJ (Original Fisa Mix).mp3	parens
songs/2003/Hocus Pocus - Bow Chi Bow (Viscious Butterdrops Mix).mp3	parens
songs/2003/Ian Van Dahl - I Can't Let You Go (Chantzis & Vanspauwen Remix).mp3	ampersand,apostrophe,parens
songs/2003/Ian Van Dahl - I Can't Let You Go (Extended Mix).mp3	apostrophe,parens
songs/2003/Ian Van Dahl - I Can't Let You Go (Radio Edit).mp3	apostrophe,parens
songs/2003/Insight Feat. Lynn Eden - If That's Alright With You.mp3	apostrophe
songs/2003/Jessy - Head Over Heels (Extended).mp3	parens
songs/2003/Jessy - Head Over Heels (Radio Edit).mp3	parens
songs/2003/Jessy - Head Over Heels (Sonic Solutions Remix).mp3	parens
songs/2003/Jessy - Look At Me Now (DJ Phillip Remix).mp3	parens
songs/2003/Jessy - Look At Me Now (Extended Vocal).mp3	parens
songs/2003/Jessy - Look At Me Now (Milk Inc. Remix).mp3	parens
songs/2003/Jordan & Baker - Explode (Marc van Linden Video Cut).mp3	ampersand,parens
songs/2003/Juan Cruz - Flower's Love (Hard Mix).mp3	apostrophe,parens
songs/2003/Junior Jack - E Samba (Original Club Mix).mp3	parens
songs/2003/Junior Jack - E Samba (Radio Edit).mp3	parens
songs/2003/Junkfood Junkies - Way Of Life (Short).mp3	parens
songs/2003/Karaja - Love Me (Club Mix).mp3	parens
songs/2003/Karaja - Love Me (Original Mix).mp3	parens
songs/2003/Karaja - Love Me (Radio Edit).mp3	parens
songs/2003/Kim Junior - Don't Work (Remix) FIXED.mp3	apostrophe,parens
songs/2003/Konik & Maxter Present Cosmic Voices - I'd do anything for love.mp3	ampersand,apostrophe
songs/2003/Konik & Maxter Present Cosmic Voices - Thinking about you.mp3	ampersand
songs/2003/KWM - Don't Work (Sassot Remix).mp3	apostrophe,parens
songs/2003/Lasgo - Alone (Original Extended Mix).mp3	parens
songs/2003/Lasgo - Pray (Extended Version).mp3	parens
songs/2003/Lasgo - Pray (Flip and Fill Remix).mp3	parens
songs/2003/Lasgo - Pray (Peter Luts Remix).mp3	parens
songs/2003/Lasgo - Surrender (Extended Version).mp3	parens
songs/2003/Lasgo - Surrender (Radio Edit).mp3	parens
songs/2003/Latin Lovers - La Fiesta (Original Papaya Mix).mp3	parens
songs/2003/Latin Lovers - La Fiesta (Radio Edit).mp3	parens
songs/2003/Lazard - 4 o' clock in the morning (djs@work radio edit).mp3	apostrophe,parens
songs/2003/Limpbizkit - Behind Blue Eyes (Album Version).mp3	parens
songs/2003/M.T.J. Feat Soraja - Fly With You (MTJ Blade Mix).mp3	parens
songs/2003/M.T.J. Feat Soraja - Fly With You (MTJ Blade Radio).mp3	parens
songs/2003/M.T.J. Feat Soraja - Fly With You (MTJ Wing Mix).mp3	parens
songs/2003/M.T.J. Feat Soraja - Fly With You (MTJ Wing Radio).mp3	parens
songs/2003/Marco V VS Jens - Loops & Tings Relooped (Marco V Remix).mp3	ampersand,parens
songs/2003/Metal One - True Melody (OJO).mp3	parens
songs/2003/Milk Inc. - Time (Radio Edit).mp3	parens
songs/2003/Millennium - Enjoy With Us (Original Mix).mp3	parens
songs/2003/Miss Peppermint - The Beat Is Rocking (Radio Edit).mp3	parens
songs/2003/Molella - Baby! (Boogie Man Mixx).mp3	parens
songs/2003/Molella - Baby! (Disco Man Mixx).mp3	parens
songs/2003/Mr. Konrad - Dire Fare Baciare (European Extended).mp3	parens
songs/2003/Nosferatu Vs. Endymion _ DJ Anas - Stay Focused (The Viper RMX).mp3	parens
songs/2003/Pervading Call - Destiny (Ace's Delight Instrumental Mix).mp3	apostrophe,parens
songs/2003/Plus System - God's Child.mp3	apostrophe
songs/2003/Pont Aeri Vol. 8 - Sweet Revenge (Original Version).mp3	parens
songs/2003/Prezioso Feat. Marvin - Voglio Vederti Danzare (Extended Version).mp3	parens
songs/2003/Prezioso Feat. Marvin - Voglio Vederti Danzare (Radio Version).mp3	parens
songs/2003/Pucho - I'm Like a Bird.mp3	apostrophe
songs/2003/Rave Allstars - Bitte Anschnallen (Charter Mix).mp3	parens
songs/2003/Rexanthony - Capturing Matrix (Rexanthony Technochoir Mix 2003).mp3	parens
songs/2003/Rob Acid - Happy Answer (Short).mp3	parens
songs/2003/Rocco - Generation Of Love (Club Mix).mp3	parens
songs/2003/Room 5 Featuring Oliver Cheatham - Make Luv (Extended Mix).mp3	parens
songs/2003/Ruben XXL & Iban XL - Bring Me Base.mp3	ampersand
songs/2003/Ruben XXL & Iban XL - Bring Me To Life.mp3	ampersand
songs/2003/Ruben XXL & Iban XL - Come On Fucking.mp3	ampersand
songs/2003/Ruboy vs. Dani BPM - Dani's Come Back.mp3	apostrophe
songs/2003/Rusytrak & Fly - Mortal Base.mp3	ampersand
songs/2003/Rusytrak & Fly - Moskito's Friend.mp3	ampersand,apostrophe
songs/2003/S.K.9 - Tube (Acid Step RMX).mp3	parens
songs/2003/Scott Brown - Turn Up the Music (Breeze & Styles Remix).mp3	ampersand,parens
songs/2003/Sequential One - Dance (Remix Part 2).mp3	parens
songs/2003/Sisma DJ - Relax (Original Mix).mp3	parens
songs/2003/Sistema 3 - Tira (Hard Mix).mp3	parens
songs/2003/Soul Central - Strings Of Life (Danny Krivit's Extended Edit).mp3	apostrophe,parens
songs/2003/Special For DJ's - Conmotion 2.mp3	apostrophe
songs/2003/Special For DJ's - Final Scratch Base Vol. 1.mp3	apostrophe
songs/2003/Special For DJ's - Final Scratch Base Vol.1.mp3	apostrophe
songs/2003/Special For DJ's - Frontal Attack.mp3	apostrophe
songs/2003/Special For DJ's - Hyper Base 2.mp3	apostrophe
songs/2003/Special For DJ's - Hyper Base.mp3	apostrophe
songs/2003/Starsplash - Fly Away (Owner Of Your Heart) (New Club Mix).mp3	parens
songs/2003/Starsplash feat Daisy Dee - Fly Away (Owner Of Your Heart).mp3	parens
songs/2003/Stormy DJ's - Down On My Knees.mp3	apostrophe
songs/2003/Stormy DJ's - Open Yop.mp3	apostrophe
songs/2003/Stunned Guys, The - The Drummer & The Dancer.mp3	ampersand
songs/2003/Styles & Breeze - Home (At Last).mp3	ampersand,parens
songs/2003/Styles & Breeze - Rainbow.mp3	ampersand
songs/2003/Styles & Breeze - The Beat Kicks.mp3	ampersand
songs/2003/Sylver - Livin' My Life (Original Extended).mp3	apostrophe,parens
songs/2003/Tatanka & Peter Damir - Kick It Hard (Original Mix).mp3	ampersand,parens
songs/2003/Techno DJ's - The Weapon Of The Wicked.mp3	apostrophe
songs/2003/Techno DJ's Feat. DJ Neura - Don't Give Me Up.mp3	apostrophe
songs/2003/Techno DJ's Feat. DJ Neura - The Last Resignation.mp3	apostrophe
songs/2003/The Atlex - Forbidden Site (Original Mix).mp3	parens
songs/2003/The New Legend DJ's - Biomechanika Vol. 1.mp3	apostrophe
songs/2003/The Ultimate Countdow - Show Must Go On (Hard-Mix).mp3	parens
songs/2003/The Ultimate Countdow - Show Must Go On (Techno).mp3	parens
songs/2003/Tom La Roche - The Number Of The Beast (J.C. La Mar Remix).mp3	parens
songs/2003/Tomcraft - Loneliness (Club Mix).mp3	parens
songs/2003/Tony Salmonelli - Hey (Buzzy's Ragga Mix).mp3	apostrophe,parens
songs/2003/Trance Generators - Wildstyle Generation (Brain Ovulation Remix).mp3	parens
songs/2003/Trance Generators - Wildstyle Generation (Original Mix).mp3	parens
songs/2003/Trance Generators Meets Klasic & Sanders - Trance Generators - The dancefloor.mp3	ampersand
songs/2003/Virus Infected - Bad Kids (Short).mp3	parens
songs/2003/Wicked Plastic - God Is A Zilla (Steve Burnette Radio Version).mp3	parens
songs/2003/Xavo & Celtic - Kontakt.mp3	ampersand
songs/2003/Xavo & Celtic - Your Base.mp3	ampersand
songs/2003/XQue Vol. 8 - Beautiful Day (Short).mp3	parens
songs/2004/3 DJs Ahead - Trip To Shadow (Extended).mp3	parens
songs/2004/666 - Dance Now! (666 Mix).mp3	parens
songs/2004/Aikon - Polizei (Original Mix).mp3	parens
songs/2004/Al-Khemiens - Let's Blow.mp3	apostrophe
songs/2004/Al-Khemiens - Portamento (Alkhemiens remx).mp3	parens
songs/2004/Anneke Van Hooff - Lie To Me (Extended Mix).mp3	parens
songs/2004/Artic-Zone - Moonrise(T-78 remix).mp3	parens
songs/2004/Base Jumper - The Day After (Original Mix).mp3	parens
songs/2004/Bassdrum Project - Cut & Play.mp3	ampersand
songs/2004/Bassdrum Project - It's My Beat.mp3	apostrophe
songs/2004/Ben Shift - Isla Dorada (Original).mp3	parens
songs/2004/Beny & DJ Sek - Searching A Destiny.mp3	ampersand
songs/2004/Beny & DJ Sek - Special Change.mp3	ampersand
songs/2004/Biks & Tommy - Come Again.mp3	ampersand
songs/2004/Bolo & Uri - Moments Of Confussion.mp3	ampersand
songs/2004/Carolina Marquez - The Killer's Song (Extended Mix).mp3	apostrophe,parens
songs/2004/Carolina Marquez - The Killer's Song (Radio).mp3	apostrophe,parens
songs/2004/Cascada - Miracle (Extended Mix).mp3	parens
songs/2004/D Sigual - Silence (to Protect Us).mp3	parens
songs/2004/Dark Oscillators - Hardstyle Hell (Infernal Mix).mp3	parens
songs/2004/Dark Oscillators - Hardstyle Hell (Original Mix).mp3	parens
songs/2004/Destiny - No Return (Xtended Mix).mp3	parens
songs/2004/Diego J Walker vs Jimmy The Sound - Getaway! (Fusion Mix).mp3	parens
songs/2004/DJ Albert - Base Hard For DJ's.mp3	apostrophe
songs/2004/DJ Aleix & DJ Kodro vs. Smashed Boys - Base Suprema.mp3	ampersand
songs/2004/DJ Aleix & DJ Kodro vs. Smashed Boys - Ka-Ching!.mp3	ampersand
songs/2004/DJ Capa & Klonder Feat Eva Marti - Reverse Base.mp3	ampersand
songs/2004/DJ DBC - All I Want To Do (Club Mix).mp3	parens
songs/2004/DJ Dyone & DJ Bugg - Animal Instinct.mp3	ampersand
songs/2004/DJ Dyone & DJ Bugg vs. Smashed Boys - Bizarre Love Triangle.mp3	ampersand
songs/2004/DJ Edi & DJ Oxid - Gun Base.mp3	ampersand
songs/2004/DJ Freddy & DJ Melocko - Dreams Are Reality.mp3	ampersand
songs/2004/DJ Gusta & Oscar Dee - Welcome To The Old School.mp3	ampersand
songs/2004/DJ Jappo & DJ Lancinhouse - Exlxaxl.mp3	ampersand
songs/2004/DJ Jose & Lordj - Radioactive Base.mp3	ampersand
songs/2004/DJ KivY & DJ Ciriliox - Dreams Of The Past (The Memory).mp3	ampersand,parens
songs/2004/DJ KivY & DJ Ciriliox - Nebula (Ambar Rain).mp3	ampersand,parens
songs/2004/Dj Konik & Mc Redy - Velocity.mp3	ampersand
songs/2004/DJ Lhasa - Mysterious Times (Mabra Extended Mix).mp3	parens
songs/2004/DJ Mill & Manuel T - Little Green Man (Original Mix).mp3	ampersand,parens
songs/2004/DJ Pity & DJ Cual - Kazaa.mp3	ampersand
songs/2004/DJ Power (2) & DJ Becker vs Jack Overdose - I'm So Strong.mp3	ampersand,apostrophe,parens
songs/2004/DJ Power & DJ Becker vs Jack Overdose - Keep Away From Fire.mp3	ampersand
songs/2004/DJ Profit (2) & DJ Motor - Burned Dimension.mp3	ampersand,parens
songs/2004/DJ Satomi - Castle In The Sky (N R Gize Edit).mp3	parens
songs/2004/Dj Skudero - White Flag (Remix).mp3	parens
songs/2004/DJ Xavo & DJ Dee-Gor - Base Valyum (Short).mp3	ampersand,parens
songs/2004/DJ's Party & Pipol - Right Now.mp3	ampersand,apostrophe
songs/2004/Enigma (3) vs. Xavi Muñoz - Autocheck.mp3	parens
songs/2004/Enigma (3) vs. Xavi Muñoz - King 100%.mp3	parens
songs/2004/Ethan - In My Heart (Original Version).mp3	parens
songs/2004/Force 9 - Los Muertos (Original Mix).mp3	parens
songs/2004/Frank T.R.A.X. - Take Me Away (Vocal Club Mix).mp3	parens
songs/2004/Gigi Pussy - Kill Bill (Hardstyle Remix).mp3	parens
songs/2004/Giuliano Rame & Cristiano Trabujo - I need your punk.mp3	ampersand
songs/2004/Haiducii - Dragostea Din Tei (DJ Ross 4 The Radio Rmx).mp3	parens
songs/2004/Haiducii - Dragostea Din Tei (Original Mix).mp3	parens
songs/2004/Haiducii vs. Gabry Ponte - Dragostea Din Tei (Gabry Ponte Radio).mp3	parens
songs/2004/Hard Bass DJ's - Das spirit.mp3	apostrophe
songs/2004/Hard Bass DJ's - Don't Walk.mp3	apostrophe
songs/2004/Hard Bass DJ's - Electronik World.mp3	apostrophe
songs/2004/Hard Bass DJ's - I_m The Bass.mp3	apostrophe
songs/2004/Hard Bass DJ's - Turntable Base.mp3	apostrophe
songs/2004/Hard Bass DJ's - Ultra Bass.mp3	apostrophe
songs/2004/Hard'Onez - Better Dayz (Stefano Pignat Remix).mp3	apostrophe,parens
songs/2004/Hardhouse & Cia - Toing.mp3	ampersand
songs/2004/Hardjumpers, The - All The Mix (Short).mp3	parens
songs/2004/Head Horny's - Do U Believe In U (Hard Mix).mp3	apostrophe,parens
songs/2004/Head Horny's - Put Ya Hands Up (Klubb'ed Mix).mp3	apostrophe,parens
songs/2004/Head Horny's & Miguel Serna - Real.mp3	ampersand,apostrophe
songs/2004/Hyperkube³ - Thunder (Extended Mix).mp3	parens
songs/2004/IK - X Bass (Yoji Biomehanika With MC Magika Hardstyle Remix).mp3	parens
songs/2004/Jopan - Ghost (Original).mp3	parens
songs/2004/Jopan - Ghost (Remix).mp3	parens
songs/2004/Kiker - Kik (Skam Remix).mp3	parens
songs/2004/Logi Wan - Live in the now (Invisible mix).mp3	parens
songs/2004/Mad8 - Work This Pussy (Club Mix).mp3	parens
songs/2004/Magic Bang - Free Your Energy (1).mp3	parens
songs/2004/Mark Ashley, K Complex, Andy Vinal, Matt Style - Atomic Orbital (Original Mix).mp3	parens
songs/2004/Matthew Dekay vs. Beastie Boys - Intergalactic (Matthew Dekay Remix).mp3	parens
songs/2004/Michael Gray - The Weekend (Original 12 Mix).mp3	parens
songs/2004/Milk inc. - I Don't Care (Radio Edit).mp3	apostrophe,parens
songs/2004/Milk inc. - Whisper (Deep Mix).mp3	parens
songs/2004/Molella - Sunshine (Chic Radio Edit).mp3	parens
songs/2004/Niki B & Christian E.F.F.E. Ft. Tony Forhest - Electrica Salsa (2004 Original Mix).mp3	ampersand,parens
songs/2004/Noe - Love Is On Fire (Dani Fiesta & DJ Motor Mix).MP3	ampersand,parens
songs/2004/Novaspace - So Lonely (Radio Edit).mp3	parens
songs/2004/O-Zone - Dragostea Din Tei (DJ Ross Extended).mp3	parens
songs/2004/O-Zone - Dragostea Din Tei (Original Romanian Version).mp3	parens
songs/2004/OS4 - Dream Come True (2004 Remix).mp3	parens
songs/2004/Pastis & Buenri - Stripped (Remix V.O.1).mp3	ampersand,parens
songs/2004/Paul Elstak Feat. Firestone - One Day (We Kill'em All).mp3	apostrophe,parens
songs/2004/Paul Elstak Vs. The Headbanger - A Taste Of Fear (Die Bitch Mix).mp3	parens
songs/2004/Prezioso & Marvin - Le Louvre (Extended Mix).mp3	ampersand,parens
songs/2004/Promo & D-Passion - After Me There Will Be None.mp3	ampersand
songs/2004/Q-Antize - Overflow (DMF rmx).mp3	parens
songs/2004/Rai vs. Edu - I'll Be There.mp3	apostrophe
songs/2004/Ralphi Rosario - Celebrate (Abel Club Mix).mp3	parens
songs/2004/Scott Brown - I'm In Heaven.mp3	apostrophe
songs/2004/Sensity World - Change My Life (DJ Motor & Pulse Version).mp3	ampersand,parens
songs/2004/Sonic Solutions - Don't Speak (D.H.T. Mix).mp3	apostrophe,parens
songs/2004/Soul Central - Strings Of Life (Funky Lowlives Remix).mp3	parens
songs/2004/Soul Central - Strings Of Life (Stronger On My Own) (Vocal Mix).mp3	parens
songs/2004/Soul Central Feat. Kathy Brown - Strings Of Life (Danny Krivit Re Edit).mp3	parens
songs/2004/Styles & Breeze - Heart Beats.mp3	ampersand
songs/2004/Sucker DJ's - A Lotta Lovin.mp3	apostrophe
songs/2004/T90 - Can't Stop To Follow (Extended).mp3	apostrophe,parens
songs/2004/T90 - Can't Stop To Follow (Lichtenfels Remix).mp3	apostrophe,parens
songs/2004/Tec Coco - Tec Coco Vol.3 (Numero Uno Mix).mp3	parens
songs/2004/Techno Spectrum - Grand Prix (Original Mix).mp3	parens
songs/2004/Tess - The Second You Sleep (Extended Mix).mp3	parens
songs/2004/Tess - The Second You Sleep (Extended Silverroom).mp3	parens
songs/2004/Tess - The Second You Sleep (I Stay To Watch You Fade Away) (Extended - Silverroom).mp3	parens
songs/2004/Tess - The Second You Sleep (I Stay To Watch You Fade Away) (Extended (Silverroom)).mp3	parens
songs/2004/Tess - The Second You Sleep (I Stay To Watch You Fade Away) (Interphace Remix).mp3	parens
songs/2004/Tess - The Second You Sleep (I Stay To Watch You Fade Away) (Radio Version (Silverroom)).mp3	parens
songs/2004/The New Legend DJ's - Would You Be Happier.mp3	apostrophe
songs/2004/Tom Novy Feat Michael Marshall - Your Body (Original Mix).mp3	parens
songs/2004/Tooga Feat. Pit Bailay - Behind Blue Eyes (Rock Ryders Remix).mp3	parens
songs/2004/Trilok & Chiren - It's Called The Music (DHHD Remix).mp3	ampersand,apostrophe,parens
songs/2004/United 92 - La Magia De Ibiza (Summer Mix).mp3	parens
songs/2004/V-Tracks - Subway 26 (Original Mix).mp3	parens
songs/2004/Vicente 'One More Time' - Redada.mp3	apostrophe
songs/2004/Weekend (3) Featuring Salva Albiach - In The Rhythm Of The Night (Original Mix).mp3	parens
songs/2004/Woodshokk - Tulips & Chocolate (Original Mix).mp3	ampersand,parens
songs/2004/x - Cloud 9 (Commercial Club Crew Remix).mp3	parens
songs/2004/x - Cloud 9 (Deepforces Remix).mp3	parens
songs/2004/x - Cloud 9 (Original Club Mix).mp3	parens
songs/2004/Y.A.G.O. - Hymn (Remix 2004).mp3	parens
songs/2004/Ya-Ya - Game Over (Original Mix).mp3	parens
songs/2004/Zion & Lennox - Yo Voy (Featuring Daddy Yankee).mp3	ampersand,parens
songs/2005/3 Axis - Kids aren't alright.mp3	apostrophe
songs/2005/3 Axis - M.O.N. (Mind Over Noise).mp3	parens
songs/2005/50 Cent - Candy Shop (DJ Yan Remix).mp3	parens
songs/2005/Afropeans - Better Things (Rise Guys Mix).mp3	parens
songs/2005/Alex Noise - Electric Show (DJ T - Urban Mix).mp3	parens
songs/2005/Antix (3) And Tom-E - In My Eyes.mp3	parens
songs/2005/Arsenium - Love Me , Love Me . (DJ Ross Extended Remix).mp3	parens
songs/2005/Atmospheric - Oxygen (Dj Cesar remix).mp3	parens
songs/2005/Baracuda - Ass Up! (Original Radio Edit).mp3	parens
songs/2005/Bassdrum Project - Bouncer Kick (2).mp3	parens
songs/2005/Bassdrum Project - Da Police (2).mp3	parens
songs/2005/Bassdrum Project - Playin' Da Hits.mp3	apostrophe
songs/2005/Biks & Tommy - Anything Is Possible B2.mp3	ampersand
songs/2005/Billy More - Gimme Love (Prendilo E Mettilo) (DJ Maxwell Star Mix).mp3	parens
songs/2005/Black Spider - Heart of the Sun (Abel The Kid & Raul Ortiz Remix).mp3	ampersand,parens
songs/2005/Bob Sinclar - Love Generation (Club Mix).mp3	parens
songs/2005/Bob Sinclar - Love Generation (Extended Club).mp3	parens
songs/2005/Bob Sinclar - Love Generation (Original Mix).mp3	parens
songs/2005/Bob Sinclar - Love Generation (Ron Carrol's Black Church Feeling).mp3	apostrophe,parens
songs/2005/Botch & Brian - Botch & Brian Base Vol.1.mp3	ampersand
songs/2005/Carolina Marquez - Pleasure Ground (Mat's Tribal Whistle Mix).mp3	apostrophe,parens
songs/2005/Carolina Marquez - Pleasure Ground (Original Pleasure Extended).mp3	parens
songs/2005/Cascada - Everytime We Touch (Original Club Mix).mp3	parens
songs/2005/Channing - Bootsy Bootsy Boom (Xtm Remix).mp3	parens
songs/2005/Crazy Frog - Axel F (Club Mix).mp3	parens
songs/2005/D-Sfase vs. Ivan Dark - D&D Base.mp3	ampersand
songs/2005/D.O.N.S. - Pump Up The Jam (D.O.N.S. Club Remake).mp3	parens
songs/2005/Daddy Yankee - La Gasolina (High Quality).mp3	parens
songs/2005/Daddy Yankee - Rompe (Album Version).mp3	parens
songs/2005/Daft Punk - Technologic (Original).mp3	parens
songs/2005/David Guetta ft. Chris Willis - Time (Album Version).mp3	parens
songs/2005/DHT Featuring Edmée - Listen To Your Heart (Extended Hardstyle Mix).mp3	parens
songs/2005/Diamond - Reason (Club Mix).mp3	parens
songs/2005/DJ Amador & DJ Luna X-files - Tri-Morpheo.mp3	ampersand
songs/2005/DJ Cricket & Sergio Maxi - Melody Of Madness.mp3	ampersand
songs/2005/DJ Cricket & Sergio Maxi - The Hope Guitar.mp3	ampersand
songs/2005/DJ Cricket & Sergio Maxi - The Reason.mp3	ampersand
songs/2005/DJ Darko & DJ Misko - Sentex Base.mp3	ampersand
songs/2005/DJ Dean - Music Is My Life (DJ Merlin & DJ C-Bass Remix).mp3	ampersand,parens
songs/2005/DJ Gato & DJ Buffon - Non Stop.mp3	ampersand
songs/2005/DJ Gere & Mak Attack Pres. DJ Nelmo - System.mp3	ampersand
songs/2005/DJ Greis & Luis DM - 4Mation Acid-Bass.mp3	ampersand
songs/2005/DJ Himnotic & Psicotic - Himsaico.mp3	ampersand
songs/2005/DJ Himnotic & Psicotic - Transformator.mp3	ampersand
songs/2005/DJ Impact & In Effect - Close Your Eyes (Hixxy Mix).mp3	ampersand,parens
songs/2005/DJ Kidox & DJ Gone vs. Sigma - Crackdown.mp3	ampersand
songs/2005/DJ Kidox & DJ Gone vs. Sigma - Nitrosis.mp3	ampersand
songs/2005/DJ Kidox & DJ Gone vs. Sigma - Teknosaurus.mp3	ampersand
songs/2005/DJ Merlin & C-Bass - Never Forgotten (Hardtrance Mix) - www.bestmp3.pl.mp3	ampersand,parens
songs/2005/DJ Ray (9) & DJ Suly - Kosmonautika.mp3	ampersand,parens
songs/2005/DJ Ray (9) & DJ Suly - Pussy Base.mp3	ampersand,parens
songs/2005/DJ Roka & DJ Poppy - El Monasterio (2).mp3	ampersand,parens
songs/2005/DJ Roka & DJ Poppy - El Monasterio.mp3	ampersand
songs/2005/DJ Roka & DJ Poppy - The Reality.mp3	ampersand
songs/2005/DJ Ruboy & John Brown - Imboka.mp3	ampersand
songs/2005/DJ Sety & Carles Destroy - Da Flow Base.mp3	ampersand
songs/2005/DJ Skudero & Xavi Metralla Presentan Pont Aeri Vol. 9 - This Is Your Dream (Original Version).mp3	ampersand,parens
songs/2005/DJ Sonic (2) & DJ Sisu - Nuklear Keys.mp3	ampersand,parens
songs/2005/DJ Sonic (2) & DJ Sisu - Shine A Light.mp3	ampersand,parens
songs/2005/DJ Sonic & DJ Sisu - Gasolina (Fuck The Reggaeton Remix).mp3	ampersand,parens
songs/2005/Don Omar - Dale Don Dale (Extended LP Version).mp3	parens
songs/2005/El Mago - Edition For Dj's.mp3	apostrophe
songs/2005/El Símbolo - Nunca te decides (Que sí, que no).mp3	parens
songs/2005/Emo DJ presents Da Nu Style - Don't coming back.mp3	apostrophe
songs/2005/Eurythmics - Sweet Dreams (Are Made Of This) (Steve Angello Remix).mp3	parens
songs/2005/Evil Activities & DJ Panic - Never Fall Asleep.mp3	ampersand
songs/2005/Force & Jack Speed Featuring Lisa Abbott - Whenever You Need Me.mp3	ampersand
songs/2005/Galeria - The Gael's Return (Pastis & Buenri Remix).mp3	ampersand,apostrophe,parens
songs/2005/Genessys by Grilly & Neutron & Garry DJ - Criogenessys.mp3	ampersand
songs/2005/Guille DJ Vs Ruben & Teky - Anti Valium.mp3	ampersand
songs/2005/Gusanito - Vive la vida (Sube que sube).mp3	parens
songs/2005/Hector & Tito Feat. Don Omar - Baila Morena.mp3	ampersand
songs/2005/Hellfish - U Don't Quit.mp3	apostrophe
songs/2005/Ilona Mitrecey - Un Monde Parfait (72 Remix) (Radio Edit).mp3	parens
songs/2005/Infernal - From Paris To Berlin (Extended Version).mp3	parens
songs/2005/Joe DJ & Victor Conca - Phunkee (Newstyle Version).mp3	ampersand,parens
songs/2005/Johnny O. - Johnny O. - Fantasy Girl (Original Club Mix).mp3	parens
songs/2005/K Complex - Adagio (Rave Mix).mp3	parens
songs/2005/Koris Vs. DJule - Sense Of Time (M.O.R.P.H. Vs. Scirocco Remix).mp3	parens
songs/2005/Liquid Spill - Keep Turnin' Around (Empyre One Rmx).mp3	apostrophe,parens
songs/2005/Lisa Abbott _ Gammer & G Spencer - The One (Breeze & Styles remix).mp3	ampersand,parens
songs/2005/Lisa Abbott _ Gammer & G Spencer - The One.mp3	ampersand
songs/2005/Lisa Abbott - The One (Breeze & Styles Remix).mp3	ampersand,parens
songs/2005/Lock ‘n’ Load - Blow Ya Mind (Club Caviar Mix).mp3	parens
songs/2005/Mad8 - Work This Pussy (Andrea Doria Remix).mp3	parens
songs/2005/Mental Miracle - Bohemien (Original Mix).mp3	parens
songs/2005/Messiah Inc. - Evacuation (Radio Edit).mp3	parens
songs/2005/Miami Dub Machine - Be Free With Your Love (Cube Guys Miami Dub).mp3	parens
songs/2005/Mikesh - Hardcore Salsa (Hardsound Mix).mp3	parens
songs/2005/Neno & Peryk - Slot Machine.mp3	ampersand
songs/2005/Notre Dame - It's America.mp3	apostrophe
songs/2005/O-Zone - [EMG] - Despretine (Xtm Rmx ).mp3	brackets,parens
songs/2005/Paco Rincon & Alex Gimenez - Get Busy.mp3	ampersand
songs/2005/Paco Rincon & Alex Gimenez - Move Your Feet.mp3	ampersand
songs/2005/Pety & Pinza - Bad Warriors.mp3	ampersand
songs/2005/Pety & Pinza - Control Your Mind.mp3	ampersand
songs/2005/Pont Aeri Vol. 9 - This Is Your Dream (Original Version).mp3	parens
songs/2005/Rave Fighters - Comecocos (2005 Remix).mp3	parens
songs/2005/Rave Fighters - Energia (2005 Remix).mp3	parens
songs/2005/Reverendo & Mister K-Za - K-Za Vol. 1.mp3	ampersand
songs/2005/Reverendo & Mister K-Za - Mad Night.mp3	ampersand
songs/2005/Reverendo & Mister K-Za - Quit All The Fighting.mp3	ampersand
songs/2005/Sara (10) - Gaya.mp3	parens
songs/2005/Sara (10) - Livid Expression.mp3	parens
songs/2005/Scott Brown - Taking Drugs (Remix).mp3	parens
songs/2005/September - Satellites (Extended).mp3	parens
songs/2005/Soul Central Feat. Kathy Brown - Strings Of Life (Stronger On My Own) (Full Length Vocal).mp3	parens
songs/2005/Soul Central Feat. Kathy Brown - Strings Of Life (Stronger On My Own) (Martijn Ten Velden & Mark Knight Toolroom Mix).mp3	ampersand,parens
songs/2005/spacestorm vs. raptor - p.u.n.k (raptor mix).mp3	parens
songs/2005/Starsailor - Four To The Floor (Thin White Duke Mix).mp3	parens
songs/2005/Styles & Breeze - You're My Angel (Scott Brown remix).mp3	ampersand,apostrophe,parens
songs/2005/Sucker DJ's - Lotta Lovin' (Paradise Soul Remix).mp3	apostrophe,parens
songs/2005/T-TY & Kullere - The Shadow.mp3	ampersand
songs/2005/Tatanka & Zenith - More Than A Style.mp3	ampersand
songs/2005/Tess - The Second You Sleep (I Stay To Watch You Fade Away) (Antillas Remix).mp3	parens
songs/2005/Trance Generators Presents Juvenile, The - Hardcore suckas (original mix).mp3	parens
songs/2005/Vertigo (14) Feat. DJ Josu - Brown discip core.mp3	parens
songs/2005/Vertigo (14) Feat. DJ Josu - Vertigo.mp3	parens
songs/2005/Vicious Project vs Northern Light - Don't Look Back.mp3	apostrophe
songs/2005/Virtual Tracks - Hey D.J. !! (Original Mix).mp3	parens
songs/2005/Wonderland Avenue - White Horse (Mike Monday Mix).mp3	parens
songs/2005/Yaw & DJ Sark - Virtual Love.mp3	ampersand
songs/2005/Yaw & DJ Sark - Yet Another World (Y.A.W.).mp3	ampersand,parens
songs/2006/Alberto DJ & Mario Muñoz - PEIKO.mp3	ampersand
songs/2006/Alberto DJ & Mario Muñoz - Wizen House.mp3	ampersand
songs/2006/Art Of Fighters - I'm Your Enemy.mp3	apostrophe
songs/2006/Autokriminal - D.N.G. 3000 (Drogas No Gracias).mp3	parens
songs/2006/Basshunter - Boten Anna (Club Mix).mp3	parens
songs/2006/Bliss (16) - Big Game.mp3	parens
songs/2006/Bob Sinclar - Rock This Party (Club Mix).mp3	parens
songs/2006/Bob Sinclar - World, Hold On (Children Of The Sky) (Club Mix).mp3	parens
songs/2006/Chocolate Puma - Always And Forever (Original Mix).mp3	parens
songs/2006/Disco 2 - Oh My God (Global Version).mp3	parens
songs/2006/Divine Inspiration - Someday (DJ Napo & Alex Track One Rmx).mp3	ampersand,parens
songs/2006/DJ Albert (3) - El Final Del Camino.mp3	parens
songs/2006/DJ DBC - The Boy (Hard Bamboo Mix).mp3	parens
songs/2006/DJ DBC - The Music Is Moving (Klubb Low Cut Mix).mp3	parens
songs/2006/DJ DBC - The Tsunami (Haiti House Mix).mp3	parens
songs/2006/DJ Kevo & DJ Borax - Overgain Base.mp3	ampersand
songs/2006/DJ Sepi & DJ Bull - Gravesound.mp3	ampersand
songs/2006/DJ Snake And No Cry - Ironic (Base Snakcry Mix).mp3	parens
songs/2006/DJ X-Centrik & DJ Klenku - The Memory Remains.mp3	ampersand
songs/2006/Dover - Let Me Out (Album Version).mp3	parens
songs/2006/Dover - Let Me Out (Radio Edit).mp3	parens
songs/2006/Event a.k.a. DJ Napo & Alex Trackone - El Salvaje.mp3	ampersand
songs/2006/Fedde Le Grand - Put Your Hands Up For Detroit (Original Mix) (2).mp3	parens
songs/2006/Fedde Le Grand - Put Your Hands Up For Detroit (Original Mix).mp3	parens
songs/2006/Francesco Diaz Presents Jerry Ropero & Denis The Menace - Time to Turn Around + (I Wanna Give You) Devotion (Acappella).mp3	ampersand,parens
songs/2006/Giangi Cappai feat. Klone - I Need U Now (Eight-Seven Mix).mp3	parens
songs/2006/Giangi Cappai Present Klone - I Need U Now (Eight Seven Mix).mp3	parens
songs/2006/Hino & DJ Dalton - acid world.mp3	ampersand
songs/2006/Javi Aznar vs. Dr. Madness - Let's Get Ready To!.mp3	apostrophe
songs/2006/Joey Negro - Make A Move On Me (Acappella) + Eletric Shock 2005.mp3	parens
songs/2006/Justice vs. Simian - We Are Your Friends (Original Mix).mp3	parens
songs/2006/Laura (15) & Ali Tcheelab - Never Ever Make You Cry.mp3	ampersand,parens
songs/2006/Limit (2) & Antuan - Speed Project.mp3	ampersand,parens
songs/2006/Lucky Twice - Lucky (Extended).mp3	parens
songs/2006/Martijn ten Velden - I Wish U Would (Original Mix).mp3	parens
songs/2006/Mason - Exceeder (Original).mp3	parens
songs/2006/Miami Dub Machine - Be Free With Your Love (Pete Pritchard Vocal Mix).mp3	parens
songs/2006/Mikado Punchers - Punch My Style  (Original Punch Mix).mp3	parens,repeatedOrEdgeSpace
songs/2006/Mikel Molina & John Jacobsen - Bondem (6 A.M. Remix).mp3	ampersand,parens
songs/2006/Mikel Molina & John Jacobsen - Bondem.mp3	ampersand
songs/2006/Milk Inc. - No Angel (Radio).mp3	parens
songs/2006/Milk Inc. - Saxy-Motion (Live).mp3	parens
songs/2006/Milk Inc. - The Sun Always Shines On TV (Vandøren Og Vanhøyland Remiks).mp3	parens
songs/2006/Millennium - Day After Day (Millennium Club).mp3	parens
songs/2006/Millennium - Day After Day (Millennium Edit).mp3	parens
songs/2006/Morphing - Wochi (Short).mp3	parens
songs/2006/Neno & Peryk - Las Warras.mp3	ampersand
songs/2006/Niño Jarko & DJ P-Lu - Polizai.mp3	ampersand
songs/2006/Novaspace - So Lonely (Dan Winter Remix).mp3	parens
songs/2006/Origin (15) By Hino - Open Your Heart.mp3	parens
songs/2006/Outwork Feat. Mr. Gee - Elektro (Outwork Edit).mp3	parens
songs/2006/Outwork Feat. Mr. Gee - elektro (outwork mix).mp3	parens
songs/2006/Outwork Feat. Mr. Gee - Elektro (The Cube Guys Delano Mix).mp3	parens
songs/2006/Paffendorf vs. Real Booty Babes, The - Where Are You 2007 (Short).mp3	parens
songs/2006/Pastis & Buenri - Backstage.mp3	ampersand
songs/2006/Pastis & Buenri - Pussy Base.mp3	ampersand
songs/2006/Paul Elstak & Firestone - Ready For Judgement Day (DJ D Rmx).mp3	ampersand,parens
songs/2006/Promo - I Come Correct (Original Mix).mp3	parens
songs/2006/Raf Enjoy - Discoteque (Original R.E.Mix).mp3	parens
songs/2006/Red Hot Chili Peppers - Snow (Hey Oh).mp3	parens
songs/2006/Scott Brown - Blue Anthem (Exclusive Remix).mp3	parens
songs/2006/Sergi M, Solar System, Futura (5) - Because Of You.mp3	parens
songs/2006/Shakira Featuring Wyclef Jean - Hips Don't Lie.mp3	apostrophe
songs/2006/Soul (5) & Revel - Esquizofrenia.mp3	ampersand,parens
songs/2006/Soul & Revel - Esquizofrenia.mp3	ampersand
songs/2006/Stevens & Marcellus - hello.mp3	ampersand
songs/2006/Styles & Breeze _ Steptonic - You're Shining.mp3	ampersand,apostrophe
songs/2006/Sy & Unknown Feat. Lou Lou (2) - U R My Phantasy (Darren Styles Remix).mp3	ampersand,parens
songs/2006/T-TY & Kullere - The Shadow.mp3	ampersand
songs/2006/Tha Playah - Fuck The Titties (The Viper & Tommyknocker Remix).mp3	ampersand,parens
songs/2006/The Beholder & Max Enforcer - Got To Be There.mp3	ampersand
songs/2006/Till West & DJ Delicious - Same Man (Lucas Abadi edit).mp3	ampersand,parens
songs/2006/Tornadozzer - Soundfuck (Original Mix).mp3	parens
songs/2006/Wonderland Avenue - White Horse (Original).mp3	parens
songs/2007/Alek Száhala - Alanamra (Original Mix).mp3	parens
songs/2007/Alex Gaudino Feat. Crystal Waters - Destination Calabria (Original Extended Mix).mp3	parens
songs/2007/Anonim Feat. Paola - Moskito 7 (The Bayer Rmx).mp3	parens
songs/2007/Armand Van Helden + DADA Feat Sandy Rivera & Trix - I Want Your Soul + Lollipop (Acappella).mp3	ampersand,parens
songs/2007/Armand Van Helden + Hardrox - NYC Beat + Feel the Hard Rock (Up to No Good).mp3	parens
songs/2007/Armin van Buuren - Communication Part 3 (Coldware Cold Remix).mp3	parens
songs/2007/Armin van Buuren - Communication Part 3 (Original Mix).mp3	parens
songs/2007/Axwell - I Found U (Remode Mix).mp3	parens
songs/2007/Bad Customz - Don't Stop.mp3	apostrophe
songs/2007/Bob Sinclar - Give A Lil' Love (Harlem Hustlers vs. Bob Sinclar Whistle Remix Club).mp3	apostrophe,parens
songs/2007/Bobby D'ambrosio Feat. Lasala - Runaway Love__Marquito's Dub M.mp3	apostrophe
songs/2007/Booty Luv + Freaks - Shine (Acappella) + the Creeps (Get On the Dancefloor) (Vandalism Remix).mp3	parens
songs/2007/Booty Luv + the Sound Bluntz - Don't Mess with My Man (Acappella) + Billie Jean.mp3	apostrophe,parens
songs/2007/Bruce Rowland (2) - Liberation.mp3	parens
songs/2007/Buenri & Cesar Benito - Acid Groove.mp3	ampersand
songs/2007/Chanel + Firefox - My Life (Acappella) + Sex Shooter.mp3	parens
songs/2007/Dany BPM Meets Makoky & Vid - Trouble High.mp3	ampersand
songs/2007/David Guetta - Love is gone (Fred Rister & Joachim Garraud radio edit rmx).mp3	ampersand,parens
songs/2007/DJ Cricket & DJ Jandro - Loonatic Base.mp3	ampersand
songs/2007/DJ Lola & DJ Konec - When You’re Gone.mp3	ampersand
songs/2007/DJ Memonik & Bzeka - Vibration.mp3	ampersand
songs/2007/DJ Sammy & Yanou Feat Do + Tomcraft - Heaven (Acappella) + Loneliness.mp3	ampersand,parens
songs/2007/DJ Weaver & DMO - Burning.mp3	ampersand
songs/2007/Fedde Le Grand + M_A_R_R_S - Put Your Hands Up for Detroit + Pump Up the Volume (USA 12_ Mix).mp3	parens
songs/2007/G-Town Madness & The Viper - Buck 'Em Down (For Those Who Missed It).mp3	ampersand,apostrophe,parens
songs/2007/Good Fader - Godfather Love Theme (Pulsedriver Remix).mp3	parens
songs/2007/Ida Corr Vs Fedde Le Grand - Let Me Think About It (Club Mix).mp3	parens
songs/2007/Ida Corr Vs Fedde Le Grand + Camilla Jones Vs Fedde Le Grand - Let Me About it (Acappella) + the Creeps.mp3	parens
songs/2007/Iio + Freemasons Feat Amanda Wilson - Rapture (Acappella) + Love On My Mind.mp3	parens
songs/2007/Jander (2) & DJ Isac Smeic - Lasse's Crazyness.mp3	ampersand,apostrophe,parens
songs/2007/Jay Lumen vs Nina Simone - Feeling Good (dub).mp3	parens
songs/2007/Josel - Digiboy (DJ Tarkan & V-Sag Remix).mp3	ampersand,parens
songs/2007/Kate Ryan - Voyage Voyage (Extended).mp3	parens
songs/2007/M.U.T.E. - Clap On Top Of Me (Attack Mix).mp3	parens
songs/2007/Millennium - You Are The One (Abel Almena Dance Club).mp3	parens
songs/2007/Millennium - You Are The One (Millennium Edit).mp3	parens
songs/2007/Oakenfold Feat Pharrell Williams + Tom Novy & Lima - Sex N' Money (Benny Benassi Mix) + Take it (Closing Time) (Acappella).mp3	ampersand,apostrophe,parens
songs/2007/Paul Woolford Presents Bobby Peru - Erotic Discourse (Original Mix).mp3	parens
songs/2007/Prezioso Feat.Marvin - Back To Life (Extended Version).mp3	parens
songs/2007/Roman Flugel + Delano & Crockett - Geht's Noch + Walking On the Moon (Acappella).mp3	ampersand,apostrophe,parens
songs/2007/Sharam - Party All The Time (Freedom Extended Mix).mp3	parens
songs/2007/Sinus - Blob (Original).mp3	parens
songs/2007/Taito Tikaro & Clarence - Shine On Me.mp3	ampersand
songs/2007/Tatana Feat. Joanna - If I Could__Simon & Shaker Rem.mp3	ampersand
songs/2007/TSS Proyect feat Irantzu - Me Voy De Fiesta (Catarata Remix).mp3	parens
songs/2007/TSS Proyect feat Irantzu - Me Voy De Fiesta (Klubb Mix).mp3	parens
songs/2007/TSS Proyect feat Irantzu - Me Voy De Fiesta (Original Mix) (2).mp3	parens
songs/2007/TSS Proyect feat Irantzu - Me Voy De Fiesta (Original Mix).mp3	parens
songs/2007/Vicente  One More Time - Redada (Dub Version).mp3	parens,repeatedOrEdgeSpace
songs/2007/Vicente  One More Time - Redada (Jimmy The Sound Remix).mp3	parens,repeatedOrEdgeSpace
songs/2007/Vicente  One More Time - Redada (Vocal Vrs).mp3	parens,repeatedOrEdgeSpace
songs/2007/Yves Larock - Rise Up (Club Mix).mp3	parens
songs/2008/Beyoncé - Single Ladies (Put A Ring On It).mp3	parens
songs/2008/Coldplay - Vive La Vida (King Richard & Vivie Ann Remix).mp3	ampersand,parens
songs/2008/Cristian Lavino - Dance Up In The Sky (Italian Vocals Dance Club Mix).mp3	parens
songs/2008/Darren Styles & Francis Hill - Come Running.mp3	ampersand
songs/2008/DJ Memonik & Ivan Bass - El Cubo.mp3	ampersand
songs/2008/Eric Prydz - Pjanoo (Club Mix).mp3	parens
songs/2008/Fragma Vs Puff Daddy - Toca's Last Night (Vocal Inpetto 2008 Remix).mp3	apostrophe,parens
songs/2008/Hixxy & Re-Con + Hixxy V Sy & Unknown - The Clit Commander.mp3	ampersand
songs/2008/Kate Ryan - Ella Elle L'a (Extended Mix).mp3	apostrophe,parens
songs/2008/Kate Ryan - Ella Elle L'a.mp3	apostrophe
songs/2008/Keane - Pretend That You're Alone.mp3	apostrophe
songs/2008/Keane - You Don't See Me.mp3	apostrophe
songs/2008/Keane - You Haven't Told Me Anything.mp3	apostrophe
songs/2008/La Suite - Violet Love (Symphonic Mix).mp3	parens
songs/2008/Lady Gaga, Colby O'Donis - Just Dance.mp3	apostrophe
songs/2008/Lowland - 1998 (Original Mix).mp3	parens
songs/2008/Mario Biondi - This Is What You Are (Dim's Housing The Jazz Remix By Dimitri From Paris).mp3	apostrophe,parens
songs/2008/Mario Biondi - This Is What You Are (M Midnight Monti And G. Gotta Soul Gottardi Restyle).mp3	parens
songs/2008/Mark Knight & Funkagenda - Man With The Red Face (Original Radio Edit).mp3	ampersand,parens
songs/2008/R.I.O. - Shine On (Radio Mix).mp3	parens
songs/2008/RAM-J Presents J.Y.D. - Nature (John Jacobsen VS Anzwer & Ivan Osuna RMX).mp3	ampersand,parens
songs/2008/Sash! Feat. Stunt - Raindrops (Kindervater Rmx).mp3	parens
songs/2008/Sash! Feat. Stunt - Raindrops (Original Extended).mp3	parens
songs/2008/Sia - The Girl You Lost To Cocaine (Stonebridge Vocal Remix).mp3	parens
songs/2008/Tijuana DJ's - Psycho Alarm.mp3	apostrophe
songs/2008/Timmy & Tommy - Full Tiltin (Joint Operations Centre Remix).mp3	ampersand,parens
songs/2008/XPress2 - Kill 100 (Carl Craig Sessions remix).mp3	parens
songs/2009/Aqua - Happy Boys & Girls.mp3	ampersand
songs/2009/Audio Soul Project - Reality Check (Vincenzo Remix).mp3	parens
songs/2009/Celeda - The Underground (Richard Grey Remix).mp3	parens
songs/2009/Coyu & Edu Imbernón - El Baile Alemán.mp3	ampersand
songs/2009/David Guetta Feat. Kelly Rowland - When Love Takes Over (Original Extended Mix).mp3	parens
songs/2009/David Guetta, Akon - Sexy Bitch (feat. Akon).mp3	parens
songs/2009/David Guetta, Chris Willis, Fergie, LMFAO - Gettin' Over You (feat. Fergie & LMFAO) (2).mp3	ampersand,apostrophe,parens
songs/2009/David Guetta, Chris Willis, Fergie, LMFAO - Gettin' Over You (feat. Fergie & LMFAO).mp3	ampersand,apostrophe,parens
songs/2009/DJ Manian - Turn The Tide (Darren Styles Mix).mp3	parens
songs/2009/DJ Peyes & DJ Puertas - Spartans.mp3	ampersand
songs/2009/Edward Maya & Vika Jigulina - Stereo Love (Molella Remix).mp3	ampersand,parens
songs/2009/Equinox ( Henrik Schwarz Remix - Spen Re-Edit ).mp3	parens
songs/2009/Fuckin' Bastards Presents DJ Flapuas - Destruction Base.mp3	apostrophe
songs/2009/Italo Brothers - Stamp On The Ground (Caramba Traxx Remix).mp3	parens
songs/2009/Italo Brothers - Stamp On The Ground (Extended Mix).mp3	parens
songs/2009/Juan Magán - Verano Azul (Clean).mp3	parens
songs/2009/Luca Ricci & Ventinesimo Secolo - Tribute To San Francesco D' Assisi (Christos Fourkis Remix).mp3	ampersand,apostrophe,parens
songs/2009/Molella - Baby! (Download Mix).mp3	parens
songs/2009/Molella - Love Lasts Forever (Pulsedriver Remix Extended Version).mp3	parens
songs/2009/Office Gossip - Direction (Original Mix).mp3	parens
songs/2009/Paul Kalkbrenner, Fritz Kalkbrenner - Sky And Sand (Original Mix).mp3	parens
songs/2009/Pinball - Come Into My Dream (Topmodelz Remix).mp3	parens
songs/2009/Pitbull - I Know You Want Me (Calle Ocho) (More English Radio Edit).mp3	parens
songs/2009/Ron Carroll & Superfunk - Lucky Star 2009 (D.O.N.S Radio Edit).mp3	ampersand,parens
songs/2009/Ron Carroll, Superfunk - Lucky Star 2009 (Ron Carroll Remix).mp3	parens
songs/2009/Snow Patrol - If There's A Rocket Tie Me To It.mp3	apostrophe
songs/2009/The Underdog Project - Summer Jam (Dance Movement Ext.mp3	parens
songs/2009/The Underdog Project - Summer Jam (Dance Movement Radio).mp3	parens
songs/2009/U2 - I'll Go Crazy If I Don't Go Crazy Tonight.mp3	apostrophe
songs/2009/Vitalic - Poison Lips (Extended).mp3	parens
songs/2010/16 Bit Lolitas - Cold Energy (Original Mix).mp3	parens
songs/2010/16 Bit Lolitas - Global Warm-up (Original Mix).mp3	parens
songs/2010/AFROJACK, Eva Simons - Take Over Control (feat. Eva Simons) - Radio Edit.mp3	parens
songs/2010/Alex Kentucky-Golden Crown Feat Malin Bolay  Fer Ferrari Remix -www.mrtzcmp3.net.mp3	repeatedOrEdgeSpace
songs/2010/Alex Kentucky-Golden Crown Feat Malin Bolay  Original Mix -www.mrtzcmp3.net.mp3	repeatedOrEdgeSpace
songs/2010/Bongo Botrako - Todos los días sale el sol (2).mp3	parens
songs/2010/Bruce (17) _ Albert Kraner _ Nitrox (2) - Mas Nadie.mp3	parens
songs/2010/Carl Craig - At Les (Christian Smith's Hypnotica Remix).mp3	apostrophe,parens
songs/2010/David Guetta - When Love Takes Over (feat. Kelly Rowland).mp3	parens
songs/2010/David Guetta - Who's That Chick (feat. Rihanna).mp3	apostrophe,parens
songs/2010/David Guetta, Kid Cudi - Memories (feat. Kid Cudi).mp3	parens
songs/2010/DJ Rush, Bruce - We Are Here (Bruce Rework).mp3	parens
songs/2010/Don Omar & Lucenzo - Danza Kuduro.mp3	ampersand
songs/2010/Duck Sauce - Barbara Streisand (Original Mix).mp3	parens
songs/2010/Flo Rida, David Guetta - Club Can't Handle Me (feat. David Guetta).mp3	apostrophe,parens
songs/2010/Francesco Rossi - Paper Aeroplane (Original Mix).mp3	parens
songs/2010/Instigator (4) - Straitjacket.mp3	parens
songs/2010/Juanjo Martin , Rebeka Brown - Millennium (Intro 2010 Remix).mp3	parens
songs/2010/Loona - Vamos A La Playa (Radio Edit).mp3	parens
songs/2010/Nalin & Kane - Beachball (Extended Vocal Mix).mp3	ampersand,parens
songs/2010/Paps N Skar - Loving You (Extended).mp3	parens
songs/2010/Pastis & Xavi BCN - Gloria.mp3	ampersand
songs/2010/Pleasurekraft - Tarantula (7 Year Itch Rework).mp3	parens
songs/2010/Rihanna - Only Girl (In The World).mp3	parens
songs/2010/Ron Carroll, Superfunk - Lucky Star 2009 (David Vendetta Remix).mp3	parens
songs/2010/Shakira, Freshlyground - Waka Waka (This Time for Africa) [The Official 2010 FIFA World Cup (TM) Song] (feat. Freshlyground).mp3	brackets,parens
songs/2010/Shox (6) - Heaven On Earth.mp3	parens
songs/2010/Sml & Sepromatiq - All for The World.mp3	ampersand
songs/2010/SveTec - Two Chances (Original Mix).mp3	parens
songs/2010/System F - Out Of The Blue 2010 (Giuseppe Ottaviani Remix).mp3	parens
songs/2010/Tim Berg - Seek Bromance (Samuele Sartini Radio Edit).mp3	parens
songs/2011/ - Traffic (Chica Paula's Super Emo Mix ).mp3	apostrophe,parens,repeatedOrEdgeSpace
songs/2011/Agoria Feat. Scalde - Singing (Dixon Mix).mp3	parens
songs/2011/Avicii - Levels (Original Version).mp3	parens
songs/2011/Bob Sinclar & Raffaella Carrà - Far L'Amore (Club Mix).mp3	ampersand,apostrophe,parens
songs/2011/Bomek, Instigator - Hoja De Coca (Original Mix).mp3	parens
songs/2011/David Guetta, Flo Rida, Nicki Minaj - Where Them Girls At (feat. Nicki Minaj & Flo Rida).mp3	ampersand,parens
songs/2011/David Guetta, Ne-Yo, Akon - Play Hard (feat. Ne-Yo & Akon) (2).mp3	ampersand,parens
songs/2011/David Guetta, Ne-Yo, Akon - Play Hard (feat. Ne-Yo & Akon).mp3	ampersand,parens
songs/2011/David Guetta, Nicki Minaj - Turn Me On (feat. Nicki Minaj).mp3	parens
songs/2011/David Guetta, Sia - She Wolf (Falling to Pieces) [feat. Sia].mp3	brackets,parens
songs/2011/David Guetta, Sia - Titanium (feat. Sia).mp3	parens
songs/2011/David Guetta, Usher - Without You (feat. Usher).mp3	parens
songs/2011/Deetron - Starblazer (Original Mix).mp3	parens
songs/2011/Ernest Luminor - Shema (Marcelo Vasami Remix).mp3	parens
songs/2011/Fuego - Una Vaina Loca (2).mp3	parens
songs/2011/Gesaffelstein - Control Movement (Original Mix).mp3	parens
songs/2011/Instigator - Jazz Face (Original Mix).mp3	parens
songs/2011/Instigator - My Kaos (Original Mix).mp3	parens
songs/2011/Instigator - Vinyl In The Wardrobe (Original Mix).mp3	parens
songs/2011/Jaw - Pop (Stefan Vincent Remix).mp3	parens
songs/2011/Juan Magán, Crossfire - Bailando Por Ahi (feat. Crossfire) - Remix.mp3	parens
songs/2011/M83 -  Midnight City (Trentemoller Remix).mp3	parens,repeatedOrEdgeSpace
songs/2011/Maceo Plex - Can't Leave You (Tale Of Us Remix).mp3	apostrophe,parens
songs/2011/Martin Dawson - Is This Goodbye (Tale Of Us Remix).mp3	parens
songs/2011/Miguel Campbell - Something Special (Original Mix).mp3	parens
songs/2011/Moonbeam - Sensitivity (Feat Tomomi Ukumori).mp3	parens
songs/2011/Moonbeam Feat. Tomomi Ukumori - Sensitivity (Soarsweep Remix).mp3	parens
songs/2011/Noia And Winstan - Save Change And Exit (Original Mix).mp3	parens
songs/2011/Noia And Winstan - Save Change And Exit (Remute Remix).mp3	parens
songs/2011/Noir - Africanism (Original Mix).mp3	parens
songs/2011/Pitbull, Ne-Yo, AFROJACK, Nayer - Give Me Everything (feat. Ne-Yo, Afrojack & Nayer).mp3	ampersand,parens
songs/2011/Pitto - Mono Desire (Feat Manu Delago On Hang).mp3	parens
songs/2011/Sandro Silva, Quintino - Epic (Original Mix).mp3	parens
songs/2011/Soul Central - Strings Of Life (Supernova Remix).mp3	parens
songs/2011/Superfunk Feat. Ron Carroll - Lucky Star (Solomun Remix).mp3	parens
songs/2011/SveTec - Virus (Original Mix).mp3	parens
songs/2011/Tale Of Us - Winds Of Change (Original Mix).mp3	parens
songs/2011/The XX - Crystalised (Edu Imbernon Remix).mp3	parens
songs/2011/Trevor Rockcliffe, Joe Brunning - Jack Back (Original Mix).mp3	parens
songs/2012/Alex Kentucky & Moser - Feelings (Karol XVII & Valence Loco Remix).mp3	ampersand,parens
songs/2012/Ali Love Feat. Kali - Emperor (Maceo Plex Last Disco Remix).mp3	parens
songs/2012/Android Cartel - Wake Up Call (Hernan Cattaneo & Soundexile Remix).mp3	ampersand,parens
songs/2012/Art Department & Blud & Shaun Reeves ft Damian Lazarus - Robot Heart (Blud's Deep Playa Beats).mp3	ampersand,apostrophe,parens
songs/2012/ArtecK - Last Tribe (Original Mix).mp3	parens
songs/2012/Boy Wonder CF, Fuego - Una Vaina Loca (feat. Fuego).mp3	parens
songs/2012/Christian Smith - House This House (Original Mix).mp3	parens
songs/2012/Diction Dj - Jamaican (Original Mix) BEATPORT_3859936.mp3	parens
songs/2012/Dimi Angelis & Jeoren Search - Rhetorica (Jonas Kopp Remix).mp3	ampersand,parens
songs/2012/DJ Le Roi - I Get Deep feat. Roland Clark (2011 Edit).mp3	parens
songs/2012/DJ Maze - 90's Classic Acapella (Original Mix).mp3	apostrophe,parens
songs/2012/Felix Cage - Love Again Feat Lazarusman (max duke remix) [electronical reeds].mp3	brackets,parens
songs/2012/Format b - Warped (Fernando Tessis Remix).mp3	parens
songs/2012/Gabriel Ananda - Sheet And Shakers (Original Mi.mp3	parens
songs/2012/Gill Norris - Forme (Guy J PM Mix).mp3	parens
songs/2012/Greg Notill - Audio Lsd2 (Dariush Gee Rmx).mp3	parens
songs/2012/Henry Saiz- Uncharted  Original Mix -www.mrtzcmp3.net.mp3	repeatedOrEdgeSpace
songs/2012/HVOB - Dogs (Niko Schwind Remix) [Stil Vor Talent].mp3	brackets,parens
songs/2012/HVOB - Dogs (Oliver Koletzki Remix) [Stil Vor Talent].mp3	brackets,parens
songs/2012/Ian O'Donovan - Crest (Original Mix).mp3	apostrophe,parens
songs/2012/Kid Cudi - Pursuit Of Happiness (Steve Aoki Remix).mp3	parens
songs/2012/Laurent Garnier Feat. The L.B.S. Crew - Jacques In The Box (Featuring The L.B.S. Crew).mp3	parens
songs/2012/LMFAO - Sexy and I Know It (Original Mix).mp3	parens
songs/2012/Loverdose-I Remember  Original Mix  -www.mrtzcmp3.net.mp3	repeatedOrEdgeSpace
songs/2012/Luca C & Brigante - Flash of Light feat. Roisin Murphy (Solomun Mix).mp3	ampersand,parens
songs/2012/Maetrik - Walk Alone (Maceo Plex Revenge Mix).mp3	parens
songs/2012/Marc Pollen - The Break of Dawn (Omar El Gamal Remix).mp3	parens
songs/2012/Marc Poppcke - Yellow (Nhar Remix).mp3	parens
songs/2012/Miguel Campbell - Not That Kind Of Girl (MAM Remix).mp3	parens
songs/2012/Miss Kittin - Life is My Teacher (Borderline Remix).mp3	parens
songs/2012/Moonbeam feat Tomomi Ukumori - Sensitivity (Aerofeel5 Remix).mp3	parens
songs/2012/Nice7 - Bassline Soldiers (Original Mix).mp3	parens
songs/2012/Ornette - Crazy (Noze Remix) (Extended Club Version).mp3	parens
songs/2012/Oxia - Housewife (feat. Miss Kittin) (Extended Rework).mp3	parens
songs/2012/Parker & Hanson - Afterthought (Soundprank's Deep 04 Mix).mp3	ampersand,apostrophe,parens
songs/2012/Patrick Alavi - How Much That Means To Me (Miguel Campbell re-edit).mp3	parens
songs/2012/Phats and Small vs. The Cube Guys - Turn Around (Phats and Small Piano Mix).mp3	parens
songs/2012/Pitbull, Christina Aguilera - Feel This Moment (feat. Christina Aguilera).mp3	parens
songs/2012/Rashid Ajami - Rule The World ( Ramon Tapia Remix ).mp3	parens
songs/2012/Sandra - Maria Magdalena (Andrey Zenkoff Remix).mp3	parens
songs/2012/Seb Dhajje - Calista Nantes (Original Mix).mp3	parens
songs/2012/Sebastian Ingrosso, Alesso, Ryan Tedder - Calling (Lose My Mind).mp3	parens
songs/2012/Swedish House Mafia, John Martin - Don't You Worry Child - Radio Edit.mp3	apostrophe
songs/2012/Tale Of Us & Visionquest - Equilibrio (Original Mix).mp3	ampersand,parens
songs/2012/Tennis & Pillowtalk - The Outcast (Life & Death Dark Mix).mp3	ampersand,parens
songs/2012/Tube Berger & Milan Euringer - Lovebreak (Original Mix).mp3	ampersand,parens
songs/2012/Various - Various - Mario Basanov & Vidis - Suspend The Feeling featuring Giedre.mp3	ampersand
songs/2013/Adryiano - On My Side (Original Mix).mp3	parens
songs/2013/Alex Kentucky Flutters-My Drug feat. Ninja (David Devilla Elisabeth Aivar Remix).mp3	parens
songs/2013/Applebottom - Let You (Warren Xclnce Re-Edit).mp3	parens
songs/2013/Armin van Buuren Feat. Trevor Guthrie - This Is What It Feels Like (Radio Edit).mp3	parens
songs/2013/Art Department, BLUD, Shaun Reeves feat. Damian Lazarus - Robot Heart (Jon Charnis, Prab K &amp; Lovecraft Remix).mp3	ampersand,parens,semicolon
songs/2013/Avicii, Nicky Romero - I Could Be The One [Avicii vs Nicky Romero] - Nicktim - Original Mix.mp3	brackets
songs/2013/Billie Fountain-Stick Shift (Original Mix).mp3	parens
songs/2013/Bonobo - Cirrus (Original Mix).mp3	parens
songs/2013/Boom Jinx, Maor Levi & Ashley Tomberlin - When You Loved Me (Original Mix).mp3	ampersand,parens
songs/2013/Brennan Heart & Jonathan Mendelsohn - Imaginary (Original Mix).mp3	ampersand,parens
songs/2013/Brennan Heart & Jonathan Mendelsohn - Imaginary (Radio Edit).mp3	ampersand,parens
songs/2013/Cocooma - The Escape (Original Mix).mp3	parens
songs/2013/Damian Lazarus, Shaun Reeves, Art Department, BLUD - Robot Heart Feat. Damian Lazarus (Original Mix).mp3	parens
songs/2013/Daniel Avery & The Deadstock 33's - Magnetic (Barnt Remix).mp3	ampersand,apostrophe,parens
songs/2013/DJ Maze - 90s Classic Acapella 3 (Original Mix).mp3	parens
songs/2013/Dousk - Look Good Tonight (Soulwerk Remix).mp3	parens
songs/2013/Dusky - Careless (Original Mix).mp3	parens
songs/2013/Edu Imbernon & Triumph - Veranoski (Henry Saiz Remix).mp3	ampersand,parens
songs/2013/Ejeca - Different Rules (Ekkohaus Remix).mp3	parens
songs/2013/Ejeca - Different Rules (Original mix).mp3	parens
songs/2013/Ejeca - Riddim (Waze & Odyssey Street Tracks Remix).mp3	ampersand,parens
songs/2013/Fabio Giannelli   Maintain (MANDY Remix).mp3	parens,repeatedOrEdgeSpace
songs/2013/Federico Scavo - This (Original Club Mix).mp3	parens
songs/2013/Felix Da Housecat - Sinner Winner (Acapella Version).mp3	parens
songs/2013/Francesco Tarantini - Vesi (Original mix).mp3	parens
songs/2013/Frankey & Sandrino - Echoes.mp3	ampersand
songs/2013/Frankey & Sandrino - We Are All Dust.mp3	ampersand
songs/2013/Fritz Kalkbrenner - Little By Little (Jonas Woehl Remix).mp3	parens
songs/2013/Fuckpony - Bongo Porn (Tale Of Us & Jay Haze Remix).mp3	ampersand,parens
songs/2013/George FitzGerald - Nighttide Lover (Trikk Re-Dub).mp3	parens
songs/2013/George Morel - Let's Groove (Claptone Remix).mp3	apostrophe,parens
songs/2013/Green Velvet - Bigger Than Prince (Hot Since 82 Remix).mp3	parens
songs/2013/Guy Mantzur & Sahar Z - Moon Launch.mp3	ampersand
songs/2013/Hot Since 82 - Like You (Original Mix).mp3	parens
songs/2013/Icona Pop - I Love It (feat. Charli XCX).mp3	parens
songs/2013/Instigator (4) - U60.mp3	parens
songs/2013/INSTIGATOR & TOMTOM - Again And Again (Original Mix).mp3	ampersand,parens
songs/2013/Jay West - Got Me Insane (Original Mix).mp3	parens
songs/2013/Jay West & Manuel Sahagun - Got Me Insane (Monte Remix).mp3	ampersand,parens
songs/2013/Jay West, Manuel Sahagun - Got Me Insane (Original Mix) www.mixupload.org.mp3	parens
songs/2013/Jean Claude Ades - Oh Yeah! (Original Mix).mp3	parens
songs/2013/Jean Claude Ades & Sharam Jey - Oh Baby!.mp3	ampersand
songs/2013/John Digweed & Nick Muir Vs. Guy J - Heaven Scent.mp3	ampersand
songs/2013/Joris Voorn - Ringo (Original).mp3	parens
songs/2013/Joris Voorn - Ringo (Rework).mp3	parens
songs/2013/Josh Butler - Got A Feeling (Original Mix).mp3	parens
songs/2013/Juan Deminicis - Behind the Sun (Hector Sawiak Remix).mp3	parens
songs/2013/Juan Deminicis - Behind The Sun (James Monro Prog Remix).mp3	parens
songs/2013/Juan Deminicis - Behind The Sun (James Monro Space Disco Remix).mp3	parens
songs/2013/Juan Deminicis - Behind the Sun (Original Mix).mp3	parens
songs/2013/Kate Ryan - Ur My Love (Original Radio Cut).mp3	parens
songs/2013/Lessovsky - Sweetest Sin (Pao Remix).mp3	parens
songs/2013/Luis Leon - Love Is A Lie (Dale Howard Remix).mp3	parens
songs/2013/Mano Le Tough - Primative People (Tale Of Us Remix) httpvk.comdeepermind YL.mp3	parens
songs/2013/Marc Poppcke - Stringent (Original Mix).mp3	parens
songs/2013/Mark Knight - Man With The Red Face (Rene Amesz Remix).mp3	parens
songs/2013/Marlon Hoffstadt & Hrrsn - Once Again.mp3	ampersand
songs/2013/Marlon Hoffstadt, HRRSN - Once Again (Oliver Koletzki Remix).mp3	parens
songs/2013/Martin Garrix - Animals (Original Mix).mp3	parens
songs/2013/Muui - Sotaque (Quivver Remix).mp3	parens
songs/2013/Nils Frahm - Peter (Clark Remix).mp3	parens
songs/2013/Ninetoes - Finder (Original Mix).mp3	parens
songs/2013/Osunlade - Camera Shy (Alex & Chris Remix).mp3	ampersand,parens
songs/2013/Parra for Cuva - Wicked Games ft. Anna Naklab (Original Mix).mp3	parens
songs/2013/Pitbull Feat. Ke$ha - Timber.mp3	dollar
songs/2013/Reelow - Welcome (Original Mix).mp3	parens
songs/2013/Robert Ramirez - Sick of Love (Original Radio Edit).mp3	parens
songs/2013/Sahar Z - Delayed Green (Hernan Cattaneo & Soundexile Remix).mp3	ampersand,parens
songs/2013/Sebastian Ingrosso, Tommy Trash, John Martin - Reload (original mix).mp3	parens
songs/2013/Sid Le Rock - She Smiles (Original Mix).mp3	parens
songs/2013/Simone Vitullo, Lady Vale - Passionately Feat. Lady Vale (Original Mix).mp3	parens
songs/2013/Simplicity - Singing or Speaking (Doomwork Chordose Remix).mp3	parens
songs/2013/Sonny Fodera - How We Do Things (Original Mix).mp3	parens
songs/2013/Stimmhalt - Again (Original Mix).mp3	parens
songs/2013/Technasia - I Am Somebody (Delaze Dub).mp3	parens
songs/2013/Ten Walls - Ankaris (Original Mix).mp3	parens
songs/2013/Ten Walls - Requiem (Original Mix).mp3	parens
songs/2013/Terranova - Endless Summer feat. Bon Homme (Original Mix).mp3	parens
songs/2013/Thallulah - Only My Love (Original Mix).mp3	parens
songs/2013/The Magician - When the Night Is Over (Claptone Remix; feat. Newtimers).mp3	parens,semicolon
songs/2013/Thomas Schumacher, Caitlin Devlin - Every Little Piece Ft. Caitlin Devlin (Hot Since 82 Remix).mp3	parens
songs/2013/Tube & Berger - Imprint Of Pleasure (Original Mix).mp3	ampersand,parens
songs/2013/Unders - Evenin Feelin feat. Veerle (Edu Imbernon Remix).mp3	parens
songs/2013/Uschi & Hans - One.mp3	ampersand
songs/2013/Wankelmut - My Head Is A Jungle (Original Mix).mp3	parens
songs/2013/will.i.am, Britney Spears - Scream & Shout.mp3	ampersand
songs/2014/Alex Banks - A Matter Of Time (Frank Wiedemann remix).mp3	parens
songs/2014/Angie Stone - Wish I Didn't Miss You (Original Mix).mp3	apostrophe,parens
songs/2014/Anthony Georges Patrice - Parallel Romance (SB Re-Arrange).mp3	parens
songs/2014/Anton Ishutin - Sincerity (Pete Oak Remix).mp3	parens
songs/2014/Anturage - I Don't Want To Be Alone (Original Mix).mp3	apostrophe,parens
songs/2014/Armin Van Buuren - Ping Pong (Hardwell Remix).mp3	parens
songs/2014/Aya, Ross Evans - Deep Water (Original Mix).mp3	parens
songs/2014/BAAL  - Genesis (Original Mix).mp3	parens,repeatedOrEdgeSpace
songs/2014/Bit 99 - Let's Go.mp3	apostrophe
songs/2014/Blaze Remix - Angie Stone I Wish I Didn't Miss You (Main Vocal).mp3	apostrophe,parens
songs/2014/Calvin Harris, John Newman - Blame (feat. John Newman).mp3	parens
songs/2014/Chaim - Blue Shadow (Guy Gerber Remix).mp3	parens
songs/2014/Chaim - Blue Shadow (Original Mix).mp3	parens
songs/2014/Chayanne - Madre Tierra (Oye).mp3	parens
songs/2014/Chris Di Perri, Philipp Kempnich - Alba (Markus Wesen Remix) [Waldliebe Familien].mp3	brackets,parens
songs/2014/Coyu feat. Cari Golden - Profound Pleasure (Original Mix).mp3	parens
songs/2014/Cucumbers - Good Night LA (Anturage Remix).mp3	parens
songs/2014/Cucumbers & Lessovsky - Apologize (Moe Turk Remix).mp3	ampersand,parens
songs/2014/Dance Spirit-Insight (Fred P Reshape Dub).mp3	parens
songs/2014/Daniel Bortz - The Misery Feat Nils Corssen ( Nu And Pauli Vs Acid Remix).mp3	parens
songs/2014/Dansson, Marlon Hoffstadt - Shake That (Blonde Remix).mp3	parens
songs/2014/Dario D'Attis - The Good Old Days (Original Mix).mp3	apostrophe,parens
songs/2014/David August-Epikur (Original Mix).mp3	parens
songs/2014/David Guetta - Shot Me Down (feat. Skylar Grey) - Radio Edit.mp3	parens
songs/2014/David Guetta, AFROJACK, Bebe Rexha, Nicki Minaj - Hey Mama (feat. Nicki Minaj, Bebe Rexha & Afrojack).mp3	ampersand,parens
songs/2014/David Guetta, Sam Martin - Lovers on the Sun (feat. Sam Martin).mp3	parens
songs/2014/David Guetta, Showtek - Bad feat. Vassy (Original Mix).mp3	parens
songs/2014/David Guetta, Showtek, VASSY - Bad (feat. Vassy) - Radio Edit.mp3	parens
songs/2014/Deetron - Photon (Original Mix).mp3	parens
songs/2014/DJ Frontier - Borochi (Original Mix).mp3	parens
songs/2014/DJ RUSH - Look And See (Daniel Boon, Marco Remus Remix).mp3	parens
songs/2014/Djuma Soundsystem - Madness (Djuma Soundsystem Remix).mp3	parens
songs/2014/Doorly - Ladies Night (Original Mix).mp3	parens
songs/2014/Dosem - Message (Original Mix).mp3	parens
songs/2014/DVBBS, Borgeous - Tsunami (Original Mix).mp3	parens
songs/2014/Edu Imbernon - Dalt (Original Mix).mp3	parens
songs/2014/Ejeca - Alone (David Jach Remix).mp3	parens
songs/2014/Eric Prydz - Liberate (Lane 8 Remix).mp3	parens
songs/2014/Fairmont - Lie To Me (My Favorite Robot Remix).mp3	parens
songs/2014/Ferreck Dawn, Redondo - Love Too Deep (Original Mix).mp3	parens
songs/2014/Ferreck Dawn, Redondo - Make You Move (Original Mix).mp3	parens
songs/2014/Frankey & Sandrino - Lost (Original Mix).mp3	ampersand,parens
songs/2014/Gary Beck - Backward (Original Mix) DeepDJ.org - Gary Beck - Backward (Original Mix).mp3	parens
songs/2014/GusGus - Crossfade (Maceo Plex Mix).mp3	parens
songs/2014/Guy Gerber & Dixon - No Distance (Lake People Remix).mp3	ampersand,parens
songs/2014/Hypnotica - Impacto (Original Mix).mp3	parens
songs/2014/Jetlag feat. Esther - Walk With Me (Martin Roth Remix).mp3	parens
songs/2014/Joey Negro - American Dream (Andre Crom And Chi Thanh Remix).mp3	parens
songs/2014/Johannes Brecht - Enjoy The Void (Instrumental).mp3	parens
songs/2014/John Digweed & Nick Muir - Gigawave (Fairmont Remix).mp3	ampersand,parens
songs/2014/Junge Junge feat. Kyle Pearce - Beautiful Girl (Original Mix).mp3	parens
songs/2014/Kamara and Microvibez - Arina (Microvibez Remix).mp3	parens
songs/2014/Keemo & Schild Feat. Justin Hopkins - Revolution (Sunset Extended).mp3	ampersand,parens
songs/2014/KeeMo & Schild feat. Justin Hopkins - Revolution (Sunset Radio).mp3	ampersand,parens
songs/2014/Kygo, Conrad Sewell - Firestone feat. Conrad (Original Mix).mp3	parens
songs/2014/Kyle Pearce - Beautiful Girl Feat. Kyle Pearce (Original Mix).mp3	parens
songs/2014/Lana Del Rey - West Coast (Solomun Dub Remix).mp3	parens
songs/2014/Laurent Garnier - Confused (Original Mix).mp3	parens
songs/2014/Leon Vynehall - It's Just (House of Dupree).mp3	apostrophe,parens
songs/2014/Lessovsky - Make My Day (Original Mix).mp3	parens
songs/2014/Lilly Wood & The Prick & Robin Schulz - Prayer In C (Robin Schulz Remix).mp3	ampersand,parens
songs/2014/Locked Groove - Enigma (Scuba's Warehouse Mix).mp3	apostrophe,parens
songs/2014/London Grammar - Hey Now (Sasha Remix).mp3	parens
songs/2014/Maceo Plex & Gabriel Ananda - Solitary Daze (Original).mp3	ampersand,parens
songs/2014/Marc Romboy - Iceland (Original Mix).mp3	parens
songs/2014/Marc Romboy, Stephan Bodzin-Kerberos (Original Mix) â†’ vk.comilovetechnomusic -mrtzc.ch.mp3	parens
songs/2014/Mark Slee - Rucksack (Original Mix).mp3	parens
songs/2014/Matthew Dekay - Fangtango (Original Mix).mp3	parens
songs/2014/Mind Against - Several Times (Original Mix).mp3	parens
songs/2014/Monoloc - Things (Monoloc Edit).mp3	parens
songs/2014/Mr. Probz, Robin Schulz - Waves (Robin Schulz Remix).mp3	parens
songs/2014/Ninetoes - Escape (Original Mix).mp3	parens
songs/2014/Nora En Pure - True (Lexer Remix)_CentrumMp3.eu.mp3	parens
songs/2014/Nora En Pure - True (Original Mix).mp3	parens
songs/2014/Oliver Dollar - Pushing On (Original Mix).mp3	parens
songs/2014/Oscar Aguilera - Where Is Wally (Original Mix).mp3	parens
songs/2014/Patrick Chardronnet, Afrilounge - Shake It (Ejeca Remix).mp3	parens
songs/2014/Pharrell - Frontin (feat. Jay Z) (Disclosure Re-Work).mp3	parens
songs/2014/Pharrell - Frontin' (Disclosure Re-Work) (feat. Jay Z).mp3	apostrophe,parens
songs/2014/Philipp Kempnich - Fernlicht (Original Mix).mp3	parens
songs/2014/Philipp Kempnich - Ramontic (Original Mix).mp3	parens
songs/2014/Pional - It's All Over (John Talabot's Stripped Remix).mp3	apostrophe,parens
songs/2014/Pitbull, John Ryan - Fireball (feat. John Ryan).mp3	parens
songs/2014/Purple Disco Machine, Teenage - The Path (Original Mix).mp3	parens
songs/2014/Rodriguez Jr. - Mistral (Original Mix).mp3	parens
songs/2014/Royksopp - Sordid Affair (Maceo Plex Mix).mp3	parens
songs/2014/Sade - Pearls (Timo Jahns Remix).mp3	parens
songs/2014/Samuele Sartini - You're No Good for Me (Original Mix).mp3	apostrophe,parens
songs/2014/Sandrino - Lost (Original Mix).mp3	parens
songs/2014/Sharam feat. Manfred Mann's Earth Band - Tripi.mp3	apostrophe
songs/2014/Sid Le Rock - Bag Of Bliss (James Teej's Super Eight Remix) - www.electrouniverse.net.mp3	apostrophe,parens
songs/2014/Sid Le Rock - Bag Of Bliss (James Teej's Super Eight Remix).mp3	apostrophe,parens
songs/2014/Sid Le Rock - Nomads (Tim Green Remix).mp3	parens
songs/2014/Simion - You amp I Darius Syrossian Dub [Hedonism Music](2).mp3	brackets,parens
songs/2014/Soulfuledge - Loving Me (Original mix).mp3	parens
songs/2014/Soulfuledge - Sunshine Over Rio (Original Mix).mp3	parens
songs/2014/Super Flu - Jo Gurt (Stephan Bodzin Remix).mp3	parens
songs/2014/Ten Walls - Nochnoy Dozor (Original Mix).mp3	parens
songs/2014/Terranova - Headlock (Original Mix).mp3	parens
songs/2014/Tony Rohr & Layton Giordani - Careless Suggestions (Sasha Carassi Remix).mp3	ampersand,parens
songs/2014/Tony Rohr & Layton Giordani - Reggae Shiz (Dema Remix).mp3	ampersand,parens
songs/2014/Trus'me - I Want You (Alan Fitzpatrick Remix).mp3	apostrophe,parens
songs/2014/Tube & Berger - Lovebreak (Original Mix).mp3	ampersand,parens
songs/2014/Umek & Mike Vale - All I Want (Dosem Remix).mp3	ampersand,parens
songs/2014/Voigt & Voigt - Supertrip (Original Mix).mp3	ampersand,parens
songs/2014/Wankelmut Feat. John La Monica - Wasted So Much Time (Extended.mp3	parens
songs/2014/Wankelmut Feat. John La Monica - Wasted So Much Time (Jacob's D.mp3	apostrophe,parens
songs/2014/Wankelmut Feat. John La Monica - Wasted So Much Time (N'to Remi.mp3	apostrophe,parens
songs/2014/Zappe - Larry's Exotic Blend (Original Mix).mp3	apostrophe,parens
songs/2014/ZHU - Faded (Original Mix).mp3	parens
songs/2015/Alesso, Tove Lo - Heroes (we could be).mp3	parens
songs/2015/Alice Rose - I Know Change (SHOW-B Remix).mp3	parens
songs/2015/Audion - Dem Howl (Joris Voorn Mix).mp3	parens
songs/2015/Axwell  Ingrosso, Axwell, Sebastian Ingrosso - Sun Is Shining.mp3	repeatedOrEdgeSpace
songs/2015/Bas Ibellini - That's Right (Original Mix).mp3	apostrophe,parens
songs/2015/BATTS - Morals (Martin Roth Remix).mp3	parens
songs/2015/BBC Radio 1 - Solomun's Sound of Ibiza.mp3	apostrophe
songs/2015/Beacon - Fault Lines (Dauwd Remix).mp3	parens
songs/2015/Bjarki - I Wanna Go Bang (Original Mix).mp3	parens
songs/2015/Bluford Duck Feat. Anna Schuschu - Bound (Habischman Dub Mix).mp3	parens
songs/2015/Bluford Duck Feat. Anna Schuschu - Bound (Original Mix).mp3	parens
songs/2015/Butch - The Spirit feat. Hohberg (Original Mix).mp3	parens
songs/2015/Calvin Harris, Ellie Goulding, Hardwell - Outside (feat. Ellie Goulding) - Hardwell Remix.mp3	parens
songs/2015/Chus & Ceballos - Back To Basico - Original Mix.mp3	ampersand
songs/2015/Damian Lazarus - Vermillion (&ME Remix).mp3	ampersand,parens
songs/2015/DJ Koze - XTC (Original Mix).mp3	parens
songs/2015/Dj Rolando a.k.a. The Aztec Mystic - Knights of the Jaguar (Ruben Sicilia remix).mp3	parens
songs/2015/Elderbrook - How Many Times (Andhim Remix).mp3	parens
songs/2015/Flow & Zeo - Looking For (Adana Twins Remix).mp3	ampersand,parens
songs/2015/Frankey & Sandrino - Acamar [Innervisions].mp3	ampersand,brackets
songs/2015/Gab Rhome - I've Changed My Scent For You - Original Mix.mp3	apostrophe
songs/2015/Galantis - Runaway (U & I).mp3	ampersand,parens
songs/2015/German Brigante - Sooner Or Later feat. Thomas Gandey (Olivier Giacomotto Remix).mp3	parens
songs/2015/Greg Notill, Instigator - Masters Illusionist (Original Mix).mp3	parens
songs/2015/Guillaume & The Coutu Dumonts - You Lost It.mp3	ampersand
songs/2015/Hinz & Ruhmhardt - Doch.mp3	ampersand
songs/2015/Hot Since 82 - Veins (Original Mix).mp3	parens
songs/2015/John Talabot & The Drifter - Machine (John Talabot's Synthedit).mp3	ampersand,apostrophe,parens
songs/2015/Jonathan Meyer - Voodoo Doll Ft. Himba (Original Mix).mp3	parens
songs/2015/Joris Voorn - Homeland Feat. Matthew Dear (&ME Remix).mp3	ampersand,parens
songs/2015/Josh Wink - Denial (Tweak Dub).mp3	parens
songs/2015/Juan Magán, Gente De Zona - He Llorado (Como Un Niño).mp3	parens
songs/2015/Junge Junge Feat. Kyle Pearce - Beautiful Girl (Blondish Remix).mp3	parens
songs/2015/Kid Crème - Austin's Groove.mp3	apostrophe
songs/2015/KiNK - Fantasia (Original Mix).mp3	parens
songs/2015/Lautleise - U and I (Original Mix).mp3	parens
songs/2015/Lee Van Dowski - Lee's mobile.mp3	apostrophe
songs/2015/Liu Bei - Atlas World (Solomun Night Remix).mp3	parens
songs/2015/Local Artist - Feelings (Original Mix).mp3	parens
songs/2015/Love Over Entropy - Tonii (Dixon Retouch).mp3	parens
songs/2015/Love Over Entropy - Tonii (Original).mp3	parens
songs/2015/Luca Debonaire - Wanna Say Yes (Club Mix).mp3	parens
songs/2015/Magit Cacoon - Love Express (Original Mix).mp3	parens
songs/2015/Mind Against & Locked Groove - Elysium (Original Mix).mp3	ampersand,parens
songs/2015/Of Norway & Linnea Dale - Spirit Lights (Adriatique Remix).mp3	ampersand,parens
songs/2015/Patrick Siech - Generator (Per Hammar's Tribal and Error Remix).mp3	apostrophe,parens
songs/2015/Pattern Drama - Ubud (Original) [Faceless Recordings].mp3	brackets,parens
songs/2015/Paul Kalkbrenner - Cloud Rider (Solomun Remix).mp3	parens
songs/2015/Pig&Dan - Universal Love (Original Mix).mp3	ampersand,parens
songs/2015/Plastikman - EXpand (Tale Of Us Remix).mp3	parens
songs/2015/Promo - Phreak Ya Speaka (N-Vitral Re-Phreak).mp3	parens
songs/2015/Psycho Chok - Schranz Is My Therapy (Original Mix).mp3	parens
songs/2015/Reset Robot - Lost in a Duvet (Original Mix).mp3	parens
songs/2015/Ricky Martin, Yotuel - La Mordidita (feat. Yotuel).mp3	parens
songs/2015/Robin Schulz, Francesco Yates - Sugar (feat. Francesco Yates) - Extended Mix.mp3	parens
songs/2015/Sebastien feat. Hagedorn - High On You (Original Mix).mp3	parens
songs/2015/SevenDoors - Movement Of Whale (Original Mix).mp3	parens
songs/2015/Simion feat. Roland Clark - Lost (Club Mix).mp3	parens
songs/2015/SRTW - We Were Young (Sascha Kloeber Remix).mp3	parens
songs/2015/Technasia & Green Velvet - Suga (Original Mix).mp3	ampersand,parens
songs/2015/Ten Ven - When I Met U (Original Mix).mp3	parens
songs/2015/The Knife - Silent Shout (Shaken.mp3	parens
songs/2015/Tiësto, KSHMR, VASSY - Secrets (Original Mix).mp3	parens
songs/2015/Todd Terje - Strandbar (Disko).mp3	parens
songs/2015/Tuff City Kids feat. Shan - Lambsgame (Chopper Rescue Version).mp3	parens
songs/2016/Afro Medusa - Pasilda (Erick Morillo Extended Remix).mp3	parens
songs/2016/Bruno Mars - 24K Magic (Extended Mix).mp3	parens
songs/2016/Casio Royale - Hell House (2).mp3	parens
songs/2016/Cassius feat. Cat Power & Pharrell Williams - Go Up (Butch Remix).mp3	ampersand,parens
songs/2016/CNCO - Reggaetón Lento (Bailemos).mp3	parens
songs/2016/David Guetta - This One's for You (feat. Zara Larsson) (Official Song UEFA EURO 2016).mp3	apostrophe,parens
songs/2016/David Penn - Con Son (Original Mix).mp3	parens
songs/2016/Dawn Tallman - I Give It All To You feat. Dawn Tallman (DJ Spen & Soulfuledge Remix).mp3	ampersand,parens
songs/2016/DJ Tarkan - Come On & Stay (Jako Diaz Remix).mp3	ampersand,parens
songs/2016/Enrique Iglesias, Wisin - DUELE EL CORAZON (feat. Wisin).mp3	parens
songs/2016/Eric Prydz - Opus (Original Mix).mp3	parens
songs/2016/Fly o Tech - Funk Me Down (Original Mix).mp3	parens
songs/2016/Gente De Zona, Marc Anthony - La Gozadera (feat. Marc Anthony).mp3	parens
songs/2016/Kungs Vs Cookin' On 3 Burners - This Girl (Radio Edit).mp3	apostrophe,parens
songs/2016/Kungs, Cookin' On 3 Burners - This Girl (Kungs Vs. Cookin' On 3 Burners).mp3	apostrophe,parens
songs/2016/Maxxi Soundsystem - Regrets We Have No Use For feat. Name One (Matthew Herbert Remix).mp3	parens
songs/2016/MD X-Spress, Simion - God Made Me Feel It (Claptone Edit).mp3	parens
songs/2016/Moloko - Sing It Back (Mousse T.'s Feel Love Mix).mp3	apostrophe,parens
songs/2016/Raffa FL - How We Do (Original Mix).mp3	parens
songs/2016/Raffa FL - Want It (Original Mix).mp3	parens
songs/2016/Raumakustik - Dem A Pree (Original Mix).mp3	parens
songs/2016/Raumakustik - Dem A Pree (Patrick Topping Remix).mp3	parens
songs/2016/Ricky Martin, Maluma - Vente Pa' Ca (feat. Maluma).mp3	apostrophe,parens
songs/2016/Thalia, Maluma - Desde Esa Noche (feat. Maluma).mp3	parens
songs/2016/Tony Igy - Astronomia (Original Mix).mp3	parens
songs/2017/Age Of Love - The Age Of Love (Solomun Renaissance Remix).mp3	parens
songs/2017/Alex Kentucky - My Drug feat. Ninja (Mladen Mande Remix).mp3	parens
songs/2017/Armin van Buuren, Vini Vici, Hilight Tribe, Wildstylez - Great Spirit (feat. Hilight Tribe) - Wildstylez Extended Remix.mp3	parens
songs/2017/Axwell  Ingrosso - More Than You Know.mp3	repeatedOrEdgeSpace
songs/2017/CamelPhat & Elderbrook - Cola (Denis First Remix).mp3	ampersand,parens
songs/2017/CamelPhat & Elderbrook - Cola (Mousse T.'s Glitterbox Mix).mp3	ampersand,apostrophe,parens
songs/2017/Camelphat & Elderbrook - Cola (Original Mix).mp3	ampersand,parens
songs/2017/Enrique Iglesias Featuring Descemer Bueno , Zyon & Lennox - Súbeme La Radio.mp3	ampersand
songs/2017/FISHER (OZ) - Ya Kidding (Original Mix).mp3	parens
songs/2017/George Privatti, Guille Placencia - What a Bam (Original Mix).mp3	parens
songs/2017/Gorje Hewek & Izhevski - Jungsein Youth (Original Mix).mp3	ampersand,parens
songs/2017/GW Harrison - When House Takes a Journey (Original Mix).mp3	parens
songs/2017/HI-LO - Men On Mars (Extended Mix).mp3	parens
songs/2017/Jacob Forever, Farruko - Hasta Que Se Seque el Malecón (feat. Farruko) - Remix.mp3	parens
songs/2017/Jason Derulo, Nicki Minaj, Ty Dolla $ign - Swalla.mp3	dollar
songs/2017/Jennifer Lopez - Ain't Your Mama.mp3	apostrophe
songs/2017/Kygo, Selena Gomez - It Ain't Me.mp3	apostrophe
songs/2017/Laurence Guy - Saw You for the First Time (Original Mix).mp3	parens
songs/2017/Måneskin - Beggin'.mp3	apostrophe
songs/2017/Mark Knight, Rene Amesz, Green Velvet - Live Stream (Original Mix).mp3	parens
songs/2017/Mark Knight, The Ragga Twins - Move On feat. The Ragga Twins (Original Mix).mp3	parens
songs/2017/Mason Maynard ft. 95 North - Puffy (Extended Mix).mp3	parens
songs/2017/Nathan G James Chappell - Ism (Nathan G Re-Feel).mp3	parens
songs/2017/Oliver Koletzki, Jimmy Sax - No Man No Cry (Jimmy Sax Version).mp3	parens
songs/2017/Oxia - Domino (Robag’s Ewel Xmohl Nb).mp3	parens
songs/2017/Purple Disco Machine - Body Funk (Original Mix).mp3	parens
songs/2017/Ralphi Rosario, Linda Clifford - Wanna Give It Up (Full Intention Remix).mp3	parens
songs/2017/Shakira, Maluma - Chantaje (feat. Maluma).mp3	parens
songs/2017/Shakira, Nicky Jam - Perro Fiel (feat. Nicky Jam).mp3	parens
songs/2017/Solardo - On The Corner (Original Mix).mp3	parens
songs/2018/Alex Mota - Lima (Reber Remix).mp3	parens
songs/2018/Andruss, Jean Bacarreza - Wanna Hum Hum (Original Mix).mp3	parens
songs/2018/Anti Up - Pizza (Extended Mix).mp3	parens
songs/2018/Antoine Clamaran, Agua Sin Gas - Follow Me (Original Mix).mp3	parens
songs/2018/Armin van Buuren - Blah Blah Blah (Brennan Heart & Toneshifterz Extended Remix).mp3	ampersand,parens
songs/2018/Arnold & Lane - Native (Original Mix).mp3	ampersand,parens
songs/2018/Atish - Peculiar Colors (Dance Spirit Remix).mp3	parens
songs/2018/Basement Jaxx Feat. Lisa Kekaula - Good Luck (Butch Dub).mp3	parens
songs/2018/Bicep - Opal (Four Tet Remix).mp3	parens
songs/2018/Billy Kenny - Trippy (Original Mix).mp3	parens
songs/2018/Blakkat - Guttah Bucket (Original Mix).mp3	parens
songs/2018/Blondish - Mouth (Original Mix).mp3	parens
songs/2018/Carl Cox - I Want You (Forever) (Josh Butler Remix).mp3	parens
songs/2018/Catchment - Wanna (Original Mix).mp3	parens
songs/2018/Cazztek - Hold Up, Wait A Minute (Original Mix).mp3	parens
songs/2018/Chic - I Want Your Love (Dimitri From Paris Remix (2018 Remaster)).mp3	parens
songs/2018/Chic - Le Freak (Dimitri From Paris Remix (2018 Remaster)).mp3	parens
songs/2018/Childish Gambino - This Is America (Official Video).mp3.mp3	parens
songs/2018/Chris Hartwig - Dopeness (Original Mix).mp3	parens
songs/2018/Chris Stussy - Positive Mind (Original Mix).mp3	parens
songs/2018/Christian Burkhardt - Hola (Original Mix).mp3	parens
songs/2018/Claude VonStroke - Walay (My Bae) (Original Mix).mp3	parens
songs/2018/Coeo - Like It Is (Original Mix).mp3	parens
songs/2018/Conforce - Compulsion (Original Mix).mp3	parens
songs/2018/Cozzy D - The Upside Down (Mark Knight Extended Mix).mp3	parens
songs/2018/Dale Howard - Alfagarth (Eli Brown Remix).mp3	parens
songs/2018/Dale Howard - I Feel Like (Original Mix).mp3	parens
songs/2018/Damian Lazarus & Ancient Moons, The - Feedback Loop (Serge Devant Remix).mp3	ampersand,parens
songs/2018/Danny Howard - Havwest (Original Mix).mp3	parens
songs/2018/Dateless - When I'm Gone (Original Mix).mp3	apostrophe,parens
songs/2018/Davain - So Special (Original Mix).mp3	parens
songs/2018/Deeper Purpose & Intrusive - Safari (Original Mix).mp3	ampersand,parens
songs/2018/Denis Ago - Let's Play (Original Mix).mp3	apostrophe,parens
songs/2018/DJ Artak feat. Angel Falls - Frozen Tears (VetLove & Mike Drozdov Remix).mp3	ampersand,parens
songs/2018/DJ Wady, Patrick M - No Time For Hulk (Camelphat Re-Fix - (Erik Hagleton 2018 Vocal Edit)).mp3	parens
songs/2018/Duki, KHEA - She Don't Give a Fo.mp3	apostrophe
songs/2018/Eli Brown - Sumatra (Original Mix).mp3	parens
songs/2018/Emanuel Satie & Ninetoe Ft Tassew Wendim - Injera (Original Mix).mp3	ampersand,parens
songs/2018/Espinal & Nova - Get Live (Original Mix).mp3	ampersand,parens
songs/2018/Eyes Everywhere - Bout That (Original Mix).mp3	parens
songs/2018/Faithless - Insomnia (ItaloBros Remix).mp3	parens
songs/2018/Fatboy Slim - Praise You (Purple Disco Machine Extended Remix).mp3	parens
songs/2018/Fatboy Slim - Praise You (Purple Disco Machine Remix).mp3	parens
songs/2018/Fatboy Slim - Right Here, Right Now (CamelPhat Remix).mp3	parens
songs/2018/Ferdinand Weber - Nobody (Original Mix).mp3	parens
songs/2018/Fisher - Losing It (Extended).mp3	parens
songs/2018/FISHER (OZ) - Crowd Control (Original Mix).mp3	parens
songs/2018/FormatB - Super Pit (Original Mix).mp3	parens
songs/2018/George Marshman - El Funko (Original Mix).mp3	parens
songs/2018/Gianni Ruocco & Le Roi Carmona - Imagination (Original Mix).mp3	ampersand,parens
songs/2018/Gorge - Don't Stop.mp3	apostrophe
songs/2018/GotSome - Nomad Chat (Original Mix).mp3	parens
songs/2018/Green Velvet, Chris Lake - Deceiver (Extended Mix) (1).mp3	parens
songs/2018/Green Velvet, Chris Lake - Deceiver (Extended Mix).mp3	parens
songs/2018/Green Velvet, Prok & Fitch - Luv Dancin (Original Mix).mp3	ampersand,parens
songs/2018/Guti & Cristi Cons - Nuevo (Enzo Siragusa Remix).mp3	ampersand,parens
songs/2018/Harvy Valencia - POMPIBAL (Original Mix).mp3	parens
songs/2018/HI-LO, Dada Life - Love Vibrations (Extended Mix).mp3	parens
songs/2018/Jack Back - Grenade (Original Mix).mp3	parens
songs/2018/Jem Cooke Made By Pete Audiojack - So Long feat. Jem Cooke (Audiojack Remix).mp3	parens
songs/2018/Khikko feat Lizzy Hill - Play What (Robbie Groove Club Instrumental Mix).mp3	parens
songs/2018/Leftwing and Kody - The Drums (Original Mix) (feat Jen Miras).mp3	parens
songs/2018/Mark Knight - We Get High From The Music (Original Mix) (feat Mr V).mp3	parens
songs/2018/Mark Knight & Tuff London - Jus' Come (Original Mix).mp3	ampersand,apostrophe,parens
songs/2018/Mason Maynard, Eli Brown - Jungle Cry (Original Mix) www.electronicfresh.com.mp3	parens
songs/2018/Mat.Joe - Work This (Extended Mix).mp3	parens
songs/2018/Matthias Meyer & Ryan Davis - Love Letters From Sicily.mp3	ampersand
songs/2018/Max Chapman - FREEKWANCEE (Original Mix).mp3	parens
songs/2018/Mihai Popoviciu - Flux (Original Mix).mp3	parens
songs/2018/Pryda - Pjanoo (Original Mix).mp3	parens
songs/2018/Purple Disco Machine - Body Funk (Original Mix).mp3	parens
songs/2018/Purple Disco Machine - Dished (Male Stripper) (Extended Mix).mp3	parens
songs/2018/Rebuke - Along Came Polly (Original Mix).mp3	parens
songs/2018/Route 94 - House & Pressure (Original Mix).mp3	ampersand,parens
songs/2018/Sabb Audiojack - Jeopardized (Audiojack Remix).mp3	parens
songs/2018/Saison - Moments (Original Mix).mp3	parens
songs/2018/SecondCity - Andia (Original Mix).mp3	parens
songs/2018/Shakedown - At Night (Purple Disco Machine Extended Remix).mp3	parens
songs/2018/Shakedown - At Night (Purple Disco Machine Short).mp3	parens
songs/2018/Sister Sledge - He's The Greatest Dancer (Dimitri From Paris Remix).mp3	apostrophe,parens
songs/2018/Sister Sledge - Lost In Music (Dimitri From Paris Remix (2018 Remaster)).mp3	parens
songs/2018/Solardo - Everybody (Original Mix).mp3	parens
songs/2018/Sonny Fodera - New Chapter (Original Mix).mp3	parens
songs/2018/The Bestseller & Grove Park - Feel So Good (VetLove, Mike Drozdov Remix).mp3	ampersand,parens
songs/2018/The Stunned Guys - Thrillseeka (The Stunned Guys 2004 Reload).mp3	parens
songs/2018/The Tribe Of Good - Loving You Baby (Mat Joe Safari Remix).mp3	parens
songs/2018/Toman - Subtly (Original Mix).mp3	parens
songs/2018/Volkoder - I Want U (Original Mix).mp3	parens
songs/2018/Will Easton - Technic (Original Mix).mp3	parens
songs/2018/Wolves By Night - Closure (Extended Mix).mp3	parens
songs/2019/Alignment - Interference (Luca Agnelli Remix).mp3	parens
songs/2019/Anissa Damali Dandara Mollono.Bass - Pororoca (feat. Anissa Damali) (Mollono.Bass Remix).mp3	parens
songs/2019/Anti Up - Right Now (Extended).mp3	parens
songs/2019/Armen Miran - Reborn (Volen Sentir Sunset Mix).mp3	parens
songs/2019/Armin van Buuren - Turn It Up (AIR251).mp3	parens
songs/2019/Audiofly, Jaw - Excuse My Wildness Feat. Jaw (Carl Craig Remix).mp3	parens
songs/2019/Avicii, David Guetta, MORTEN - Heaven - David Guetta & MORTEN Remix.mp3	ampersand
songs/2019/Barbatuques - Baianá (Jack Back Club Remix).mp3	parens
songs/2019/Bedouin - Into Wilderness (Original Mix).mp3	parens
songs/2019/Big Al Below Bangkok Kiano David Kassi - You Can't Understand (David Kassi Remix).mp3	apostrophe,parens
songs/2019/Big Al Bigz Dave Pad - Andalucia (Dave Pad Remix).mp3	parens
songs/2019/Brokenears - Feeling Good (Original Mix).mp3	parens
songs/2019/Brokenears - Guest List (Original Mix).mp3	parens
songs/2019/Calvin Harris, Rag'n'Bone Man - Giant (Purple Disco Machine Extended Remix).mp3	apostrophe,parens
songs/2019/Calvin Harris, Rag'n'bone Man - Giant (Robin Schulz Remix).mp3	apostrophe,parens
songs/2019/Calvin Harris, Rag'n'bone Man - Giant (Weiss Remix).mp3	apostrophe,parens
songs/2019/Calvin Harris, Rag'n'bone Man - Giant.mp3	apostrophe
songs/2019/Cloonee - Lose Control (Original Mix) BEATPORT_12371937.mp3	parens
songs/2019/Cpen & Bluey - Yo Body (JT Donaldson Remix).mp3	ampersand,parens
songs/2019/Da Brownie - Vergo (Soledrifter Remix).mp3	parens
songs/2019/Daniel Leseman - Ease The Pain (Extended Mix).mp3	parens
songs/2019/Dave DK - Chicama (Original Mix).mp3	parens
songs/2019/Dave DK - El Point (high Tide) (Original Mix).mp3	parens
songs/2019/Dave DK - Jelly Legs (Original Mix).mp3	parens
songs/2019/David Temessi , Mr. A. - The Seventh (Andre Crom Remix).mp3	parens
songs/2019/Death on the Balcony - Cutting Chords (Original Mix).mp3	parens
songs/2019/Death on the Balcony - Note to Self (Original Mix).mp3	parens
songs/2019/Denney - West Coast Revival (Original Mix).mp3	parens
songs/2019/Dennis Cruz - Insane (Original Mix).mp3	parens
songs/2019/Detroit Swindle - Vibrations (Original Mix).mp3	parens
songs/2019/Dimitri Vegas & Like Mike, Ummet Ozcan, Brennan Heart - Beast (All as One).mp3	ampersand,parens
songs/2019/Diplo, SIDEPIECE - On My Mind (Original Mix).mp3	parens
songs/2019/Disco Incorporated - Makusa (Groover Vocal Mix).mp3	parens
songs/2019/DJ Deep - Mindshift (Original).mp3	parens
songs/2019/Dj S.K.T. - Ballers (Original Mix).mp3	parens
songs/2019/DJ Steaw - Beat For U (Original Mix).mp3	parens
songs/2019/Djuma Soundsystem Westerby Djuma Soundsystem & Westerby Jonathan Kaspar - Disambigua (Jonathan Kaspar Edition - Djuma Soundsystem Body Language Edit).mp3	ampersand,parens
songs/2019/Dom Dolla - San Frandisco (Eli Brown Extended Remix).mp3	parens
songs/2019/El Mundo Zazou Elfenberg - Can You See What I See (Elfenberg Remix).mp3	parens
songs/2019/Eleonora Bigasti Armen Miran - Fjords (Armen Miran Remix).mp3	parens
songs/2019/Eli Brown, Noizu - Inside My Head (Extended Mix).mp3	parens
songs/2019/Fabio Aurea Toshi Serge Devant - Yini Feat. Toshi (Serge Devant Remix).mp3	parens
songs/2019/Fish Go Deep - Time Is Up (Original Mix).mp3	parens
songs/2019/Forteba - De Capri (Original Mix).mp3	parens
songs/2019/Frankyeffe - Snare (Original Mix).mp3	parens
songs/2019/George Privatti, Guille Placencia - The Sonic Busters (Original Mix).mp3	parens
songs/2019/Gerry Read - It'll All Be Over (DJ Koze Remix).mp3	apostrophe,parens
songs/2019/Gorge - As we are (Original Mix).mp3	parens
songs/2019/Gorge - Cataleya (Original Mix).mp3	parens
songs/2019/Hosini Powel - Centauri (Powel Remix).mp3	parens
songs/2019/Hosini Retza - Soul Search (Retza's Exploration Mix).mp3	apostrophe,parens
songs/2019/Ivan Klan - For Me (Original Mix).mp3	parens
songs/2019/J.T. Donaldson Feat. Liv.e - Stay Inside (Extended Mix).mp3	parens
songs/2019/Jesse & Joy, Gente De Zona - 3 A.M.mp3	ampersand
songs/2019/Joeski - I Rise (Original Mix).mp3	parens
songs/2019/Joss Moog - Music On (Original Mix).mp3	parens
songs/2019/Karmon - 6 a.m. Funk (Original Mix).mp3	parens
songs/2019/Karol XVII & Mb Valence Feat. Lazarusman - Whsipers (Gorge Extended Remix).mp3	ampersand,parens
songs/2019/Karol XVII & MB Valence Karol XVII MB Valence Jackspeare - Sonus (Jackspeare Interpretation).mp3	ampersand,parens
songs/2019/KC Lights - SOL (Extended Mix).mp3	parens
songs/2019/Kevin McKay, Start The Party - Don't Leave Me This Way (Extended Mix).mp3	apostrophe,parens
songs/2019/Kiasmos - Looped (Original Mix).mp3	parens
songs/2019/Knowkontrol Rowee - Your Eyes feat. KnowKontrol (Burning In The Skies Mix).mp3	parens
songs/2019/Lebedev (RU) - Paris Night (Original Mix).mp3	parens
songs/2019/Lee Burridge Lost Desert - Suzan's Lunch (Original Mix).mp3	apostrophe,parens
songs/2019/LondonGround - La Farsa (Original Mix).mp3	parens
songs/2019/M.I.G. Lee Burridge Lost Desert - Car Park in the Sky (Lee Burridge & Lost Desert Remix).mp3	ampersand,parens
songs/2019/M.O.S. & Bona Fide - Bengali (Extended Mix).mp3	ampersand,parens
songs/2019/M.O.S. & Bona Fide - Volga (Extended Mix).mp3	ampersand,parens
songs/2019/Marshall Jefferson, Solardo - Move Your Body (Extended Mix).mp3	parens
songs/2019/Meduza, Alok, GOODBOYS - Piece Of Your Heart (Alok Remix).mp3	parens
songs/2019/Mighty Mouse - The Spirit (Yuksek Extended Mix).mp3	parens
songs/2019/Mike Vale - Music Is The Answer (Original Mix).mp3	parens
songs/2019/Milk & Sugar, Andrey Exx, Alice Russell - Riding High (Extended Mix).mp3	ampersand,parens
songs/2019/Modd - Vishaya (Original Mix).mp3	parens
songs/2019/Murvin Jay Curtis Zeki DKA - Index (DkA Remix).mp3	parens
songs/2019/N-You-Up - Jazz Bar (Saison Rework).mp3	parens
songs/2019/Nhar - Hohman Transfer (Original Mix).mp3	parens
songs/2019/Nico Stojan Timujin - Higher Altitude (Original Mix).mp3	parens
songs/2019/Nico Stojan Timujin - Oktoberfest (Original Mix).mp3	parens
songs/2019/Niels Van Gogh - Pulverturm (Solomun & Tomcraft Remix).mp3	ampersand,parens
songs/2019/NTFO - Blissed Out (Original Mix).mp3	parens
songs/2019/Oliver Heldens and Lenno - This Groove (Extended Mix).mp3	parens
songs/2019/Oliver Schories - Mirada (Jansons Remix).mp3	parens
songs/2019/Pablo Bolivar - Tubai (Original Mix).mp3	parens
songs/2019/Phenomenal Handclap Band - Jail (Marcel Vogel Remix).mp3	parens
songs/2019/Prunk - Pacific (Original Mix).mp3	parens
songs/2019/Purple Disco Machine - Emotion (Extended Mix).mp3	parens
songs/2019/R3HAB, A Touch Of Class - All Around The World (La La La).mp3	parens
songs/2019/RNDT Kleophazz - Check One Two feat. Kleophazz (Original Mix).mp3	parens
songs/2019/Robytek Shield Katia Ricciarelli Rothko dOP - Habanera (DOP & Rothko Ensemble Remix).mp3	ampersand,parens
songs/2019/Rogue D & blondewearingblack - Hard N' Deep (Original Mix).mp3	ampersand,apostrophe,parens
songs/2019/Roman Flugel - Fun Fort (Original Mix).mp3	parens
songs/2019/Roy Rosenfeld - Rumbala (Original Mix).mp3	parens
songs/2019/Ruben Mandolini - Pussyn (Original Mix).mp3	parens
songs/2019/Rue Enamour - The Cult (Enamour's Free Love Mix).mp3	apostrophe,parens
songs/2019/Sebb Junior - Beach (Extended Mix).mp3	parens
songs/2019/SIDEPIECE - Wanna See You (Original Mix).mp3	parens
songs/2019/Solomun - Something We All Adore (Original Mix).mp3	parens
songs/2019/Sondrio Black Loops - Stepper (Original Mix).mp3	parens
songs/2019/Soul Reductions - Got 2 Be Loved (Extended Mix).mp3	parens
songs/2019/Sylvester - You Make Me Feel (Mighty Real).mp3	parens
songs/2019/The Journey Men - That Vibe (Original Mix).mp3	parens
songs/2019/Tibi Dabo - Her Moon (Original Mix).mp3	parens
songs/2019/Tim Engelhardt - Silhouettes (Original Mix).mp3	parens
songs/2019/Walker & Royce, Sue Yenn - Bodies Do The Talking (Original Mix).mp3	ampersand,parens
songs/2019/Walker & Royce, VNSSA - WORD (Original Mix).mp3	ampersand,parens
songs/2019/Weiss (UK) - Feel My Needs (Purple Disco Machine Extended Mix).mp3	parens
songs/2019/Wild Dark Elfenberg - Like A Whisper (Elfenberg Remix).mp3	parens
songs/2019/Yolanda Be Cool - Dance and Chant (Extended Version).mp3	parens
songs/2020/2Lovers - Please Don't Go (Original Mix).mp3	apostrophe,parens
songs/2020/AC Slater, Curbi - Navigator (Extended Mix).mp3	parens
songs/2020/Alignment - Contrast (Original Mix).mp3	parens
songs/2020/Block & Crown - Don't Go (Luca Debonaire and The Giver Powerhouse Mix) [Next-Gen].mp3	ampersand,apostrophe,brackets,parens
songs/2020/Block & Crown - Respect (Original Mix).mp3	ampersand,parens
songs/2020/Block & Crown, Marc Rousso - I Want To Thank You (Original Mix).mp3	ampersand,parens
songs/2020/Block & Crown, Marc Rousso - Release The Boogie (Original Mix).mp3	ampersand,parens
songs/2020/Block & Crown, Marc Rousso - Summer Stylin' (Original Mix).mp3	ampersand,apostrophe,parens
songs/2020/Block & Crown, Marc Rousso - The Ultimate Stomp (Original Mix).mp3	ampersand,parens
songs/2020/Block & Crown, Martina Budde - Let's Celebrate (Original Mix) (2).mp3	ampersand,apostrophe,parens
songs/2020/Block & Crown, Martina Budde - Let's Celebrate (Original Mix).mp3	ampersand,apostrophe,parens
songs/2020/Buchecha - The Number Of The Girl (Svetec Remix).mp3	parens
songs/2020/Charlotte de Witte - Sgadi Li Mi (Original Mix) BEATPORT_13636228.mp3	parens
songs/2020/Choices - Less Is More (Original Mix).mp3	parens
songs/2020/Chris Lake - I Remember (Extended) BEATPORT_13576310.mp3	parens
songs/2020/Chris Lake - I Remember (Extended).mp3	parens
songs/2020/Chris Lake, Josement - All Night Alone (Chris Lake Extended Mix).mp3	parens
songs/2020/Chus & Ceballos, Dario D'Attis - Heart of Afrika (Extended Mix) (2).mp3	ampersand,apostrophe,parens
songs/2020/Crissin, Totoy El Frio, Natan & Shander - Poblado.mp3	ampersand
songs/2020/Darren Styles & TNT - DLMD.mp3	ampersand
songs/2020/Darren Styles, TNT - DLMD (Extended Mix) BEATPORT_13433925.mp3	parens
songs/2020/David Tort - Please Let Me Go (Original Mix).mp3	parens
songs/2020/Deeper Purpose - Elevate (Original Mix).mp3	parens
songs/2020/Diplo, SIDEPIECE - On My Mind (Purple Disco Machine Remix (Extended)) BEATPORT_13527555.mp3	parens
songs/2020/Diplo, SIDEPIECE - On My Mind (Purple Disco Machine Remix (Extended)).mp3	parens
songs/2020/Disco Incorporated - Talking To You (1989 Nu Disco Mix).mp3	parens
songs/2020/Disko Junkie - I Like To Party (Original Mix).mp3	parens
songs/2020/Donna Summer, Kygo - Hot Stuff (Original Mix).mp3	parens
songs/2020/DONT BLINK - VIBRATION (Extended Mix).mp3	parens
songs/2020/Dua Lipa - Don't Start Now.mp3	apostrophe
songs/2020/Earth n Days - Just Be Good To Me (Original Mix).mp3	parens
songs/2020/Earth n Days - Soulshakin' (Original Mix).mp3	apostrophe,parens
songs/2020/Eli Brown - Ketamine Dream feat. Daddy Dino (Original Mix).mp3	parens
songs/2020/Endor - Fur (Extended Mix).mp3	parens
songs/2020/Fabrication - Luminous (Original Mix).mp3	parens
songs/2020/Fafaq, RebMoe - Off the Walls (Extended).mp3	parens
songs/2020/FISHER (OZ) - Wanna Go Dancin' (Extended).mp3	apostrophe,parens
songs/2020/Gigi D'Agostino, LA Vision - Hollywood (Original Mix).mp3	apostrophe,parens
songs/2020/Green Velvet, Eli Brown - Unapologetic Raver (Original Mix).mp3	parens
songs/2020/GUZ (NL) - U Got My Love (Extended Mix).mp3	parens
songs/2020/Habstrakt, Badjokes - Right Here (Original Mix).mp3	parens
songs/2020/Heller & Farley Project - Ultra Flava (Darius Syrossian's Full Pressure Extended Remix).mp3	ampersand,apostrophe,parens
songs/2020/Heller & Farley Project - Ultra Flava (David Penn Extended Remix).mp3	ampersand,parens
songs/2020/HP Vince, Discotron - September (Nu Disco Mix).mp3	parens
songs/2020/Jackers Revenge, Lissat - Dancing Queen (Original Mix).mp3	parens
songs/2020/Jay Wheeler, Myke Towers, Becky G, DJ Nelson, Arcangel, Zion & Lennox, De La Ghetto, Brray - La Curiosidad (Red Grand Prix Remix).mp3	ampersand,parens
songs/2020/Kevin McKay, Milos Pesovic - Work It (Extended Club Mix).mp3	parens
songs/2020/KOOS, Malaa - Hell (Original Mix).mp3	parens
songs/2020/Late Replies - Hold Up (Original Mix).mp3	parens
songs/2020/Layton Giordani - System Majority (Original Mix).mp3	parens
songs/2020/Lee Wells, Monoky - Bad Days (Original Mix).mp3	parens
songs/2020/Lizzie Nightingale, Illyus & Barrientos - Body Movement feat. Lizzie Nightingale (Extended Mix).mp3	ampersand,parens
songs/2020/Louie Vega, The Martinez Brothers, Marc E. Bassy - Let It Go feat. Marc E. Bassy (Dom Dolla Extended Remix).mp3	parens
songs/2020/Marlow & Trüby - Chanzo Pancho.mp3	ampersand
songs/2020/MARTEN HØRGER - I Am Ready (Original Mix).mp3	parens
songs/2020/Martin Ikin - Good Feelings (Original Mix).mp3	parens
songs/2020/Martin Ikin, Fast Eddie, Noizu - Hands Up (Extended).mp3	parens
songs/2020/Martin Ikin, Sammy Porter - Back To Funk (Extended Mix).mp3	parens
songs/2020/Matthew Dear, Dense & Pika - Honey (feat. Matthew Dear) (Patrick Topping Extended Mix).mp3	ampersand,parens
songs/2020/Maur - Set You Free feat. Faber (Original Mix).mp3	parens
songs/2020/Maurizio Basilotta, DiscoVer. - Gypsy Woman (Original Mix).mp3	parens
songs/2020/Maxi Vega - Radamantis (Original Mix).mp3	parens
songs/2020/MK, Will Clarke - My Church (Original Mix).mp3	parens
songs/2020/Moreno Pezzolato - Lose My Breath (Extended Mix).mp3	parens
songs/2020/Moreno Pezzolato - Sing It Back (Extended Mix) BEATPORT_13304611.mp3	parens
songs/2020/Moreno Pezzolato - Sing It Back (Extended Mix).mp3	parens
songs/2020/Mylo, Claptone - Drop The Pressure (Extended Version).mp3	parens
songs/2020/Mylo, Claptone - Drop The Pressure (Purple Disco Machine Remix).mp3	parens
songs/2020/Oona Dahl - Godtripper (Patrice Bäumel Pyschoactive Rework).mp3	parens
songs/2020/Pawlowski - Demonic Dimensions (Original Mix).mp3	parens
songs/2020/Purple Disco Machine - In My Arms (Extended Mix).mp3	parens
songs/2020/Radio Slave - Live My Life (Nic Fanciulli Remix).mp3	parens
songs/2020/Roberto Capuano, Luigi Madonna - Mad World (Original Mix).mp3	parens
songs/2020/Rocco Hunt & Ana Mena - A Un Passo Dalla Luna.mp3	ampersand
songs/2020/Rui Da Silva, PAX - Touch Me (PAX & Rui Da Silva Extended Version).mp3	ampersand,parens
songs/2020/Sgt Slick - Gimme! Gimme! Gimme! (Sgt Slick's Melbourne Recut).mp3	apostrophe,parens
songs/2020/SIDEPIECE - Fallin for You (Original Mix).mp3	parens
songs/2020/Siege feat. Sweet Pussy Pauline - Work This (Extended Mix).mp3	parens
songs/2020/Sonny Fodera, Dom Dolla - Moving Blind (Original Mix).mp3	parens
songs/2020/Space 92 - Phobos (Original Mix).mp3	parens
songs/2020/Stan Christ - Trepidation (Original Mix).mp3	parens
songs/2020/Stiv Hey - Delta (Original Mix).mp3	parens
songs/2020/Sugar Hill - 4 me (Original Mix).mp3	parens
songs/2020/SveTec - SveTec - Clash (Original Mix) (Original Mix).mp3	parens
songs/2020/Technasia, Green Velvet - Suga (Detlef Extended Mix).mp3	parens
songs/2020/Technotronic - Pump up the Jam (Nightfunk Remix) BEATPORT_13602183.mp3	parens
songs/2020/Technotronic - Pump up the Jam (Nightfunk Remix).mp3	parens
songs/2020/The Sponges - Gotta Move On (Extended Mix).mp3	parens
songs/2020/The Weeknd - Blinding Lights (Original Mix).mp3	parens
songs/2020/The YellowHeads, Space 92 - Planet X (Original Mix).mp3	parens
songs/2020/Tobias Lueke - Elements (Angy Kore, Gabriel Padrevita Mad Mix) BEATPORT_13922953.mp3	parens
songs/2020/Twins Project - Bass In Your Face (Space 92 Remix) BEATPORT_13233333.mp3	parens
songs/2020/UMEK - Predator (Original Mix) BEATPORT_13448171.mp3	parens
songs/2020/Volac - Everyone (Extended Mix).mp3	parens
songs/2020/Will Clarke - Hallelujah (Original Mix).mp3	parens
songs/2020/Yves Deruyter - Calling Earth (UMEK Remix).mp3	parens
songs/2021/Age Of Love - The Age Of Love (Charlotte de Witte & Enrico Sangiuliano Remix).mp3	ampersand,parens
songs/2021/Belocca, Nusha - Addiction (Original Mix).mp3	parens
songs/2021/Biscits - In My Head (Extended Mix).mp3	parens
songs/2021/Chris Veron - Deep Impact (Extended Version).mp3	parens
songs/2021/Deborah de Luca - Maybe I'm Wrong.mp3	apostrophe
songs/2021/Disco Gurls - Around The Disco (Original Mix).mp3	parens
songs/2021/Disko Junkie - Just The Two Of Us (Original Mix).mp3	parens
songs/2021/DJ Jamo & Jack Knives - Seastar II (Simox Remix).mp3	ampersand,parens
songs/2021/DJ Jordan - Positive Vibes (Original Mix).mp3	parens
songs/2021/Eli Brown - Legion (Original Mix).mp3	parens
songs/2021/Fabio Vega - Destiny (Sunbase Inc. Remix Extended).mp3	parens
songs/2021/Fatima Hajji - AER (All Engines Running) (Original Mix).mp3	parens
songs/2021/Fatima Hajji - Mother Earth (Original Mix).mp3	parens
songs/2021/FISHER (OZ) - Just Feels Tight (Extended Mix).mp3	parens
songs/2021/Illyus & Barrientos - Disco Hearts.mp3	ampersand
songs/2021/Imagine Dragons, JID, Arcane, League of Legends - Enemy (with JID) - from the series Arcane League of Legends.mp3	parens
songs/2021/J Balvin, Dua Lipa, Bad Bunny, Tainy - Un Día (One Day).mp3	parens
songs/2021/J Balvin, Maria Becerra - Qué Más Pues (Conflicto de codificación Unicode).mp3	parens
songs/2021/Jam & Spoon, Plavka - Right in the Night feat. Plavka (Balthazar & JackRock Extended 5 A.M. Rave Remix).mp3	ampersand,parens
songs/2021/Juhn, Jay Wheeler - Fragancia (with Jay Wheeler).mp3	parens
songs/2021/Justin Quiles, Chimbala, Zion & Lennox - Loco.mp3	ampersand
songs/2021/KaraokeTop - Zitti e buoni (Originally Performed Måneskin) - Karaoke.mp3	parens
songs/2021/Kevin McKay, Wayne Hernandez - Hit the Road Jack (Extended Mix).mp3	parens
songs/2021/Klaudia Gawlas - East Row (Original Mix).mp3	parens
songs/2021/Lil Nas X - MONTERO (Call Me By Your Name).mp3	parens
songs/2021/Majestic X Boney M. - Rasputin (Extended Mix).mp3	parens
songs/2021/Mark Dekoda - Illusion (Original Mix).mp3	parens
songs/2021/Matt Sassari - Give It to Me (Extended Mix).mp3	parens
songs/2021/Matt Sassari - Give It To Me (Full Vocal Mix - Extended).mp3	parens
songs/2021/Max Dean, Murphy's Law (UK) - Back To You (Original Mix).mp3	apostrophe,parens
songs/2021/Monika Kruse - Latex (Original Mix).mp3	parens
songs/2021/Mora, Bad Bunny, Sech - Volando (Remix).mp3	parens
songs/2021/Natti Natasha, Cazzu, Farina, La Duraca - Las Nenas (feat. La Duraca).mp3	parens
songs/2021/Nio Garcia, Casper Magico, Ozuna, Wisin & Yandel, Myke Towers, Flow La Movie - Travesuras - Remix.mp3	ampersand
songs/2021/Piero Pirupa - Everybody's Free (To Feel Good) (Deeper Purpose Extended Remix).mp3	apostrophe,parens
songs/2021/PITCH! - Feel The Bass (Original Mix).mp3	parens
songs/2021/Popof, Space 92 - Insomnia (Original Mix).mp3	parens
songs/2021/Praise Cats, Andrea Love - Shined On Me feat. Andrea Love (Les Bisous Extended Remix).mp3	parens
songs/2021/Purple Disco Machine, The Knocks, Moss Kena - Fireworks feat. Moss Kena, The Knocks (Club Dub Mix).mp3	parens
songs/2021/ROSALÍA, The Weeknd - LA FAMA (with The Weeknd).mp3	parens
songs/2021/Shouse - Love Tonight (David Guetta Extended Remix).mp3	parens
songs/2021/SHOUSE - Love Tonight (Original Mix).mp3	parens
songs/2021/Softmal, Nytron - All Night Long (2K21 Mix).mp3	parens
songs/2021/Space 92 - The Game (Original Mix).mp3	parens
songs/2021/Spiller, Sophie Ellis-Bextor - Groovejet (If This Ain't Love) feat. Sophie Ellis-Bextor (Purple Disco Machine & Lorenz Rhode Extended Remix).mp3	ampersand,apostrophe,parens
songs/2021/Tainy, Bad Bunny, Julieta Venegas - Lo Siento BB (with Bad Bunny & Julieta Venegas).mp3	ampersand,parens
songs/2021/Teenage Mutants - Rebirth (Original Mix).mp3	parens
songs/2021/The Kid LAROI, Justin Bieber - STAY (with Justin Bieber).mp3	parens
songs/2021/Tiësto, KAROL G - Don't Be Shy.mp3	apostrophe
songs/2021/TNT - Reverse The Bass (Extended Mix) BEATPORT_15485634.mp3	parens
songs/2021/Will Clarke - Rock With Me (Original Mix).mp3	parens
songs/2021/Xenia (UA) - Transformer (Original Mix).mp3	parens
songs/2022/Alex TB - Spread The Message (SveTec Remix) BEATPORT_16393525.mp3	parens
songs/2022/AnGy KoRe, Gabriel Padrevita - La Bulgara (Original Mix) BEATPORT_16820145.mp3	parens
songs/2022/AnGy KoRe, Gabriel Padrevita - This is Noise (Original Mix).mp3	parens
songs/2022/AnGy KoRe, Gabriel Padrevita - Wake up fucked up (Original Mix) BEATPORT_16285208.mp3	parens
songs/2022/Armin van Buuren - Computers Take Over The World (Extended Mix).mp3	parens
songs/2022/Babert, Mell Hall - Can't Stop Now (Extended Mix).mp3	apostrophe,parens
songs/2022/Beltran - Smack Yo' (Original Mix).mp3	apostrophe,parens
songs/2022/Block & Crown, Culum Frea - I Will Survive (Extended).mp3	ampersand,parens
songs/2022/Block & Crown, Jesus Davila - Can't Get Enough (Original Mix).mp3	ampersand,apostrophe,parens
songs/2022/Bob Musella - Baby Hot Stuff (Original Mix) (2).mp3	parens
songs/2022/Bob Musella - Baby Hot Stuff (Original Mix).mp3	parens
songs/2022/C. Tangana, Omar Montes, Daviles de Novelda, Canelita - La Culpa (feat. Canelita).mp3	parens
songs/2022/Cat Dealers, Beowülf - Infinity (Les Bisous Extended Remix) BEATPORT_17080399.mp3	parens
songs/2022/Central Cee, Rondodasosa, Freeze corleone, Baby Gang, A2 Anti, Morad, Beny Jr, ASHE 22 - Eurovision (feat. Rondodasosa, Baby Gang, A2 Anti, Morad, Beny Jr, Ashe 22 & Freeze corleone).mp3	ampersand,parens
songs/2022/Cerrone, Purple Disco Machine - Summer Lovin' (Original Mix).mp3	apostrophe,parens
songs/2022/Chris Lake, Aatig - In The Yuma (feat. Aatig) (Extended Mix).mp3	parens
songs/2022/Creeds - Push Up (Original Mix).mp3	parens
songs/2022/D.S.K (IT) - D.S.K (Original Mix) BEATPORT_17010838.mp3	parens
songs/2022/David Guetta, Bebe Rexha - I'm Good (Blue).mp3	apostrophe,parens
songs/2022/Dense & Pika - U, My (Original Mix).mp3	ampersand,parens
songs/2022/Diction Dj - Jamaican (LUCA AGNELLI Ice Mc Edit).mp3	parens
songs/2022/Durdenhauer - A$AP Rocky - Praise The Lord (Da Shine) (Durdenhauer Extended Edit).mp3	dollar,parens
songs/2022/El Columpio Asesino - Toro (I HATE MODELS Remix).mp3	parens
songs/2022/FISHER (OZ) - Yeah The Girls (feat. MERYLL) (Extended Mix).mp3	parens
songs/2022/Franck - Hear The Sound (Original Mix).mp3	parens
songs/2022/Ghostbusterz - Go Have Fun Girls (Original Mix).mp3	parens
songs/2022/Gianni Di Bernardo - No Fake (Original Mix).mp3	parens
songs/2022/Housewerk - Acid Rave (Original Mix).mp3	parens
songs/2022/Jason Little vs ASIN - Knocks (Instigator Remix).mp3	parens
songs/2022/Jengi - Bel Mercy (Extended Mix).mp3	parens
songs/2022/La Pantera, Quevedo, Juseph, Abhir Hathi, Bejo, Cruz Cafuné, EL IMA - Cayó La Noche (feat. Cruz Cafuné, Abhir Hathi, Bejo, EL IMA) [Remix].mp3	brackets,parens
songs/2022/Lizzo - About Damn Time (Purple Disco Machine Extended Remix).mp3	parens
songs/2022/Luca Agnelli - Here We Go Again (Original Mix).mp3	parens
songs/2022/Luciid - Paro Hour (Original Mix).mp3	parens
songs/2022/Mau P - Drugs From Amsterdam (Original Mix).mp3	parens
songs/2022/Nathalie Duchene - Praia (Yuksek Remix).mp3	parens
songs/2022/Oliver Tree & Robin Schulz - Miss You.mp3	ampersand
songs/2022/Paskman, Rafa Villalba - Chiquetere feat. Rafa Villalba (Original Mix).mp3	parens
songs/2022/Phats & Small - Turn Around (Hey What's Wrong With You) (Les Bisous Extended Remix).mp3	ampersand,apostrophe,parens
songs/2022/Purple Disco Machine, Kaleta, Bosq - Wake Up! (Extended).mp3	parens
songs/2022/RBX - Reverse Bass (Original Mix).mp3	parens
songs/2022/Rian Wood - Obsession (Original Mix).mp3	parens
songs/2022/Roentgen Limiter - Todos Locos (Crazy Mix) BEATPORT_17101944.mp3	parens
songs/2022/Sean Finn - Ain't Nobody (Extended Mix).mp3	apostrophe,parens
songs/2022/Sikztah, SveTec - We Just Want Some Boom Boom (Original Mix).mp3	parens
songs/2022/Stretch - 369 (Fake I.D) (Original Mix) BEATPORT_16796713.mp3	parens
songs/2022/Syzz, Nora Van Elken - Disco Inferno (Original Mix).mp3	parens
songs/2022/Tensnake - Coma Cat (Purple Disco Machine Extended Re-Work).mp3	parens
songs/2022/Tiago PZK, LIT killah, Maria Becerra, Nicki Nicole - Entre Nosotros (Remix) [con Nicki Nicole].mp3	brackets,parens
songs/2022/Tita Lau, James Hype - B2B (Extended Mix).mp3	parens
songs/2022/TNT - I AM TECHNO (Extended Mix) BEATPORT_17123068.mp3	parens
songs/2022/TNT - OMG (Extended Mix) BEATPORT_16325563.mp3	parens
songs/2022/Tom Santa - Rainfall (Extended Mix).mp3	parens
songs/2022/Twins Project, N.O.B.A - Crysis (Original Mix).mp3	parens
songs/2022/W&W, AXMO - Heaven Is A Place On Earth (Extended Mix).mp3	ampersand,parens
songs/2022/Xavi BCN, Roentgen Limiter - Chosen By Another (Roentgen Limiter Mix) BEATPORT_16900974.mp3	parens
songs/2022/Xavi BCN, Roentgen Limiter - Chosen By Another (Xavi BCN Mix) BEATPORT_16900977.mp3	parens
songs/2023/4 Strings, Hardwell, Maddix - Take Me Away Again (Extended Mix).mp3	parens
songs/2023/ACOR - Believe (Original Mix).mp3	parens
songs/2023/ACOR - Resurrection (Original Mix).mp3	parens
songs/2023/Activator - Zombie (Original Mix).mp3	parens
songs/2023/Airod - At All Costs (Original Mix).mp3	parens
songs/2023/Airod - Golden Pills (Original Mix).mp3	parens
songs/2023/Airod - Meet Me In The Club (Original Mix).mp3	parens
songs/2023/Alan Dixon, Will Tramp - Sunday Stomper (Piano Preacher Extended Mix).mp3	parens
songs/2023/Alex Farell - 90's Motherfucker (Original Mix).mp3	apostrophe,parens
songs/2023/Alignment - Close Your Eyes (Original Mix).mp3	parens
songs/2023/Alignment - Dance For Me (Original Mix).mp3	parens
songs/2023/Alignment - Deep Space (Original Mix).mp3	parens
songs/2023/Alignment - Old School (Original Mix).mp3	parens
songs/2023/Alignment - The Sound (Original Mix).mp3	parens
songs/2023/Alt8 - Body Beat (Original Mix).mp3	parens
songs/2023/Alt8 - Hard Bounce (Original Mix).mp3	parens
songs/2023/Aluna, Chris Lake - More Baby (Extended Mix).mp3	parens
songs/2023/Aluna, Chris Lake - More Baby (VIP) (Extended Mix).mp3	parens
songs/2023/Andruss - Frikitona (Original Mix).mp3	parens
songs/2023/Andruss - Tranquilao (Original Mix).mp3	parens
songs/2023/AnGy KoRe, Simox, Gabriel Padrevita - Smoke (Original Mix) BEATPORT_17304181.mp3	parens
songs/2023/AnGy KoRe, Simox, Gabriel Padrevita - You Will Never Understand Me (Original Mix) BEATPORT_17304182.mp3	parens
songs/2023/Armin van Buuren, Punctual, Alika - On & On (Extended).mp3	ampersand,parens
songs/2023/BADDIES ONLY - Set Fire To The Rain Vs. Baddies Only (Extended Mix) 127.mp3	parens
songs/2023/Balagan, Densha Crisis - The Core (Original Mix).mp3	parens
songs/2023/Barry Can't Swim - Sunsleeper (Barry’s Bouncin’ Bassy Bisco Bemix).mp3	apostrophe,parens
songs/2023/Barry Can't Swim - Sunsleeper (Original Mix).mp3	apostrophe,parens
songs/2023/Bastet, RASCØ - Daimonic Spirit (Original Mix).mp3	parens
songs/2023/Bastet, Samuel Well - Oh Shit (Original Mix).mp3	parens
songs/2023/Bebe Rexha & David Guetta - One in a Million.mp3	ampersand
songs/2023/Benefice, LeStrange - Acid Rain (Original Mix).mp3	parens
songs/2023/Benefice, LeStrange - Dance With Me (Original Mix).mp3	parens
songs/2023/Benefice, LeStrange - Ketamine Dream (Original Mix).mp3	parens
songs/2023/Bennett - Vois sur ton chemin (Techno Mix).mp3	parens
songs/2023/Billy Gillies, Hannah Boleyn - DNA (Loving You) (TMU Christmas Edit).mp3	parens
songs/2023/blk., TELETECH - Joker (Original Mix).mp3	parens
songs/2023/blk., TELETECH - Middle Finger (Original Mix).mp3	parens
songs/2023/blk., TELETECH - Middle Finger (SIKOTI Remix).mp3	parens
songs/2023/blk., TELETECH - They Never Sleep (Original Mix).mp3	parens
songs/2023/Block & Crown - Kiss (Original Mix).mp3	ampersand,parens
songs/2023/Block & Crown - L.A.P. (Original Mix).mp3	ampersand,parens
songs/2023/Block & Crown - My Life (Original Mix).mp3	ampersand,parens
songs/2023/Block & Crown - Prayer (Nu Disco Summer Mix).mp3	ampersand,parens
songs/2023/Block & Crown - Relax (Original Mix).mp3	ampersand,parens
songs/2023/Block & Crown - Smells Like Somebody I Know (Original Mix).mp3	ampersand,parens
songs/2023/Block & Crown - The Final Countdown (Original Mix).mp3	ampersand,parens
songs/2023/Block & Crown - You're A Freak (Original Mix).mp3	ampersand,apostrophe,parens
songs/2023/Block & Crown- - Karma Chameleon (Original Mix).mp3	ampersand,parens
songs/2023/Block & Crown, Dj Groovemonkey - I Want U Back (Original Mix).mp3	ampersand,parens
songs/2023/Block & Crown, Jessy Sunders - Forget Me Nots feat. Jessy Sunders (Block & Crown Never Forget Extended Mix).mp3	ampersand,parens
songs/2023/Block & Crown, Lissat - Startin Something (Original Mix).mp3	ampersand,parens
songs/2023/Block & Crown, Lissat - Swingin Sultan (Original Mix).mp3	ampersand,parens
songs/2023/Bruce Zalcer - Anaconda (Original Mix).mp3	parens
songs/2023/BYØRN - Ekstasis (NOVAH Remix).mp3	parens
songs/2023/BYØRN - Ekstasis (Original Mix).mp3	parens
songs/2023/BYØRN - Shivaya (Original Mix).mp3	parens
songs/2023/BYØRN - Underground Hour (Original Mix).mp3	parens
songs/2023/Calvin Harris , Ellie Goulding - Miracle (Extended Mix).mp3	parens
songs/2023/Camden Cox, Biscits - 365 (Original Mix).mp3	parens
songs/2023/CANCEL - FxCK Around (Original Mix).mp3	parens
songs/2023/CANCEL - Sleep Is The Cousin Of Death (Original Mix).mp3	parens
songs/2023/CARV - Ashika (Original Mix).mp3	parens
songs/2023/CARV - Brembo (Original Mix).mp3	parens
songs/2023/CARV - Dance MF (Original Mix).mp3	parens
songs/2023/CARV - Masked Rules (Original mix).mp3	parens
songs/2023/CARV - Out Of Space (Original Mix).mp3	parens
songs/2023/CARV - Say My Name (Original Mix).mp3	parens
songs/2023/Cerrone - A Part of You (Club Mix).mp3	parens
songs/2023/Cerrone, Marc Lavoine - Lovebox (Original Mix).mp3	parens
songs/2023/Chromeo, La Roux - Replacements (feat. La Roux) (Dave Lee's Destination Boogie Mix).mp3	apostrophe,parens
songs/2023/Creeds - Push Up (Club Version) (Club Version).mp3	parens
songs/2023/Curtis Hairston - I Want Your Lovin' (M+M Vocal Club Mix).mp3	apostrophe,parens
songs/2023/D-Devils, Reinier Zonneveld - Dance With The Devil (The 6th Gate) (Reinier Zonneveld Remix).mp3	parens
songs/2023/D.O.D - Set Me Free (Extended Mix).mp3	parens
songs/2023/Dany BPM - Sarà perchè ti amo (Dany BPM & Mon Dj Remix).mp3	ampersand,parens
songs/2023/Dave Lee ZR, Joey Montenegro - Make A Move On Me (Original Disco Mix).mp3	parens
songs/2023/Dave Winnel - Alegria (Extended Mix).mp3	parens
songs/2023/DAVI - Down Memory Lane (Original Mix).mp3	parens
songs/2023/David Guetta, Anne-Marie, Coi Leray - Baby Don't Hurt Me.mp3	apostrophe
songs/2023/Diana Swan - We Gotta Boogie (Original Mix).mp3	parens
songs/2023/Dica - Monkey Business (Original Mix).mp3	parens
songs/2023/Dimitri Vegas & Like Mike & Tiesto & W&W & Dido  - Thank You (Not So Bad) (Extended Mix).mp3	ampersand,parens,repeatedOrEdgeSpace
songs/2023/Diplo, Walker & Royce, Channel Tres - Diamond Therapy (Extended).mp3	ampersand,parens
songs/2023/Discotron, Sandy's Groove - Kiss (Extended Mix).mp3	apostrophe,parens
songs/2023/DJ Blackstone - You Spin Me Round feat. Joe Taylor (Extended Mix).mp3	parens
songs/2023/DJ Meme - Century (Extended Mix).mp3	parens
songs/2023/Doche, Kria McKenzie - Bad Girls (Extended Mix).mp3	parens
songs/2023/Dom Dolla - Saving Up (Extended).mp3	parens
songs/2023/Dombresky, Yung Bae, Disco Dom - Be The One (feat. Yung Bae) (Original Mix).mp3	parens
songs/2023/Duke Dumont, Purple Disco Machine, Nothing But Thieves - Something On My Mind (Extended).mp3	parens
songs/2023/Eats Everything, Shezar - Get Up (Extended Mix).mp3	parens
songs/2023/ECZODIA - Devil's Motel (Original Mix).mp3	apostrophe,parens
songs/2023/Eelke Kleijn, Lee Cabrera - Self Control (Extended Mix).mp3	parens
songs/2023/Eli Brown - Be The One (Extended Mix).mp3	parens
songs/2023/elMefti, Holy Priest, FACELESS (DE) - F_CK THE POLICE (Original Mix).mp3	parens
songs/2023/elMefti, Holy Priest, FACELESS (DE) - Fuck This (Original Mix).mp3	parens
songs/2023/F I I S H I R - Drop The Beat (Original Mix).mp3	parens
songs/2023/F I I S H I R - Just A Dream (Original Mix).mp3	parens
songs/2023/F I I S H I R - The Drug (Original Mix).mp3	parens
songs/2023/Flamingo Pier, Steve Monite - Remedy (feat. Steve Monite) (JKriv Disco Dub).mp3	parens
songs/2023/Flush - Bateau Blanc (Extended Mix).mp3	parens
songs/2023/FOVOS - Lollipop (Extended Mix).mp3	parens
songs/2023/Franc Spangler - Fight The Feeling (Original Mix).mp3	parens
songs/2023/FΛRØ - The Culture (Original Mix).mp3	parens
songs/2023/Ghostbusterz - Don't Go Breakin' My Heart (Extended Mix).mp3	apostrophe,parens
songs/2023/Ghostbusterz - Pressure (Original Mix).mp3	parens
songs/2023/Ghostbusterz - Shut Ur Eyes (Original Mix).mp3	parens
songs/2023/Ghostbusterz, Soulgirls - Thinking of You feat. Soulgirls (Extended Mix).mp3	parens
songs/2023/Gianpiero Xp, The Kollective - Let There Be House (Original Mix).mp3	parens
songs/2023/Giman, Chic_Ago - The Job (Moodena Remix).mp3	parens
songs/2023/Gonzi, Creeds - Donkers (Original Mix).mp3	parens
songs/2023/H! Dude - Pretty Brown (Original Mix).mp3	parens
songs/2023/Hardtrax, O.B.I. - Die Angst feat. Dunkelkammer (Original Mix).mp3	parens
songs/2023/HOEHENANGST - INDIGO (Original Mix).mp3	parens
songs/2023/Hypaton, David Guetta, La Bouche - Be My Lover (feat. La Bouche) - 2023 Mix.mp3	parens
songs/2023/IGDA - Blend And Stop (Original Mix).mp3	parens
songs/2023/IGDA - Blend And Stop (Zeltak Remix).mp3	parens
songs/2023/IGDA - Rush With Me (Original Mix).mp3	parens
songs/2023/Ivan Jack, Master Mike - Rapper's Good Times (Original Mix).mp3	apostrophe,parens
songs/2023/J. Peacock - Philly Track (Original Mix).mp3	parens
songs/2023/Jaegerossa - Richards Gear (Original Mix).mp3	parens
songs/2023/Jain, Ian Asher - Makeba (Ian Asher Extended Mix).mp3	parens
songs/2023/James Hype - Helicopter (Extended Mix).mp3	parens
songs/2023/James Hype - Lose Control (Original Mix).mp3	parens
songs/2023/Jens Lissat - Rave-O-Lution (Original Mix).mp3	parens
songs/2023/Joshwa - Magalenha (Extended Mix).mp3	parens
songs/2023/Juliet Fox - Dads Backyard (Per Pleks Remix).mp3	parens
songs/2023/Kassav', Chloé Caillet, Jean-Claude Naimro - En Balate (rework) (Original Mix).mp3	apostrophe,parens
songs/2023/Kevin D, Kevin D'Angello - Space Train (Extended Mix).mp3	apostrophe,parens
songs/2023/Kevin McKay - Get Busy (Extended Mix).mp3	parens
songs/2023/Kevin Yost, Crew Deep - Come Around Tonight (Original Mix).mp3	parens
songs/2023/Kiko Rivera - El Mambo (Radio).mp3	parens
songs/2023/Kita Alexander, FISHER (OZ) - Atmosphere (Extended Mix).mp3	parens
songs/2023/KlangKuenstler, Obernauer - Die Welt Brennt (Original Mix).mp3	parens
songs/2023/Kuzio & Bodytricks - Make You Hot (Original Mix).mp3	ampersand,parens
songs/2023/Kuzio & Bodytricks - Phone Sex (Original Mix).mp3	ampersand,parens
songs/2023/Kylie Auldist, Jerk Boy - Send It feat. Kylie Auldist (Extended Mix).mp3	parens
songs/2023/Lander B - 18th Century (Original Mix).mp3	parens
songs/2023/Lee Ann Roberts - We Are All Connected (Original Mix).mp3	parens
songs/2023/Leonid & Friends - Street Player (Dimitri From Paris Super Disco Blend - Parts I & II).mp3	ampersand,parens
songs/2023/Loofy - Last Night (Extended Mix).mp3	parens
songs/2023/luca maier - help me  angy kore and gabriel padrevita remix.mp3	repeatedOrEdgeSpace
songs/2023/Luciid - AC130 (Original Mix).mp3	parens
songs/2023/Luciid - Fxck (Original Mix).mp3	parens
songs/2023/Maddix, Fēlēs - My Gasoline (Extended Mix).mp3	parens
songs/2023/MAHTAL - All In This (Original mix).mp3	parens
songs/2023/Marco Leckbert - The Dark Side Of The Club (Original Mix).mp3	parens
songs/2023/Marco Leckbert, Luca Maier - Saturday Night Problems (Original Mix).mp3	parens
songs/2023/Mark Knight, James Hurr - Lady (Hear Me Tonight) (Extended Mix).mp3	parens
songs/2023/Marnik & Naeleck with VINAI - Boyz In Paris.mp3	ampersand
songs/2023/Marshmello & Manuel Turizo - El Merengue.mp3	ampersand
songs/2023/Mha Iri - Bam Bam Bam (Original Mix).mp3	parens
songs/2023/Mha Iri - Good Energy (Original Mix).mp3	parens
songs/2023/Mha Iri - Have A Nice Trip (Original Mix).mp3	parens
songs/2023/Michelle Weeks, Luke Delite - Give Me Your Love (Dave Lee Edit).mp3	parens
songs/2023/Midnight Club 2 - Gute Nacht (Original Mix).mp3	parens
songs/2023/Ministry Of Funk - Funk Operator (Summer Vibes Mix).mp3	parens
songs/2023/Ministry Of Funk - Gypsy Lover (Deep Soul Mix).mp3	parens
songs/2023/MonsieurWilly, Funky French League - A.I.E. A Mwana feat. DJ Kaine (DJ Kaine Italo Disco Remix) BEATPORT_17268394.mp3	parens
songs/2023/Morison - Any Time (Original Mix).mp3	parens
songs/2023/Mosess - Never Ends (Original Mix).mp3	parens
songs/2023/Mr.Machine - Another Space (Original Mix).mp3	parens
songs/2023/Mr.Machine - E.D.E.N. (Original Mix).mp3	parens
songs/2023/Mr.Machine - I.N.L.T. (Original Mix).mp3	parens
songs/2023/Mr.Machine - Shadow (Original Mix).mp3	parens
songs/2023/Musta - Pela (Sam Ruffillo Remix).mp3	parens
songs/2023/Nightmares On Wax - 1More Tune (Original Mix).mp3	parens
songs/2023/NineTed - Feet Down (Original Mix).mp3	parens
songs/2023/Nobody - Wicked (Instigator Remix).mp3	parens
songs/2023/Noizu - Vogue (Extended Mix).mp3	parens
songs/2023/NOVAH (BE) - A Savage (Original Mix).mp3	parens
songs/2023/Odd Mob, OMNOM - Losing Control (Extended Mix).mp3	parens
songs/2023/Ofenbach, Norma Jean Martine - Overdrive (feat. Norma Jean Martine).mp3	parens
songs/2023/Onlynumbers - Miss The Rave (Original Mix).mp3	parens
songs/2023/PALØ, SMBG - Makin' Money Solo (Original Mix).mp3	apostrophe,parens
songs/2023/Patrick Cowley - Primitive World (Hifi Sean Dub).mp3	parens
songs/2023/Paul Jockey, Leyra - Sweet Dreams (Are Made Of This) (Nu Disco Extended Mix) BEATPORT_17368207.mp3	parens
songs/2023/Peggy Gou - (It Goes Like) Nanana (Original Mix).mp3	parens
songs/2023/Per Pleks - Papi (Original Mix).mp3	parens
songs/2023/Per Pleks - Rotterdam (Original Mix).mp3	parens
songs/2023/PETDuo, Schiere - Push The System (Original Mix).mp3	parens
songs/2023/Peter Brown - Make Up Your Mind (Extended Mix).mp3	parens
songs/2023/Phyter - Non Stop Raving (Original Mix).mp3	parens
songs/2023/PISAPIA (IT) - Broken Line (Original Mix).mp3	parens
songs/2023/PISAPIA (IT) - Hybrid Boom (Original Mix).mp3	parens
songs/2023/PISAPIA (IT) - Sky Walker (Original Mix).mp3	parens
songs/2023/PISAPIA (IT) - Stranger (Original mix).mp3	parens
songs/2023/PISAPIA (IT) - System Damage (Original Mix).mp3	parens
songs/2023/Purple Disco Machine - Bad Company (Original Mix).mp3	parens
songs/2023/Ramiro Lopez, Andres Campo - Eneamigos (Rudosa Remix).mp3	parens
songs/2023/Raye, Casso, D-Block Europe - Prada (Extended).mp3	parens
songs/2023/Rebuke, Anyma (ofc) - Syren (Amelie Lens Remix - Extended Mix).mp3	parens
songs/2023/Riordan - Needle On The Record (Extended Mix).mp3	parens
songs/2023/ROBPM - Show Me Up (Rave Mix).mp3	parens
songs/2023/Roentgen Limiter - Final Kombat (Original Mix).mp3	parens
songs/2023/S.E.B (BE) - Hit A Button (Original Mix).mp3	parens
songs/2023/Saison - I Can Make Good Music (Extended Mix).mp3	parens
songs/2023/Sara Landry, Godtripper - Chaos Magicka (Original Mix).mp3	parens
songs/2023/Scove, Veyla - Let The Bass Kick (Original Mix).mp3	parens
songs/2023/Scruscru - Phunk U Do (Original Mix).mp3	parens
songs/2023/Sean Finn - I Feel Love (Discotron Extended Remix) BEATPORT_17444217.mp3	parens
songs/2023/Sean Finn - I Feel Love (Discotron Extended Remix).mp3	parens
songs/2023/Sean Finn - The Boy Is Mine (Extended Mix).mp3	parens
songs/2023/Sean Finn, Block & Crown, Maickel Telussa, The Soulboyz - Sex Machine feat. THE SOULBOYZ (Extended Mix).mp3	ampersand,parens
songs/2023/Sebastian Yatra, Manuel Turizo & Beele - VAGABUNDO.mp3	ampersand
songs/2023/Sgt Slick - Take You Back (Extended Mix).mp3	parens
songs/2023/Shadym - New Reality (Original Mix).mp3	parens
songs/2023/Sikoti - Everybody (Original Mix).mp3	parens
songs/2023/Sikoti - Make That Body Work (Original Mix).mp3	parens
songs/2023/Sikoti - WTF (Original Mix).mp3	parens
songs/2023/Sikoti - You Can't Hide (Original Mix).mp3	apostrophe,parens
songs/2023/Skylin3, Terri-Anne - All That She Wants (Extended Mix).mp3	parens
songs/2023/Somewhen - Burn (Original Mix).mp3	parens
songs/2023/Somewhen - Cold Blooded (Original Mix).mp3	parens
songs/2023/Sopik - Bassline From Poltava (Original Mix).mp3	parens
songs/2023/Sopik - Breakfast (Original Mix).mp3	parens
songs/2023/Sopik - Electronic Ecstasy (Original Mix).mp3	parens
songs/2023/Sopik - Free Your Mind (Original Mix).mp3	parens
songs/2023/State Of Minds - Omg (Original Mix).mp3	parens
songs/2023/Stephan M - Ice Ice Baby (Original Mix).mp3	parens
songs/2023/Supermode, Maddix - Tell Me Why (Maddix Extended Remix).mp3	parens
songs/2023/Supersavage - Rhythm Night (Sunset Mix).mp3	parens
songs/2023/Supershy - Happy Music (Original Mix).mp3	parens
songs/2023/The Obsessed - Free Yourself (Original Mix).mp3	parens
songs/2023/The Shapeshifters - Do What You Wanna Do (Extended Mix).mp3	parens
songs/2023/The Shapeshifters - Lola's Theme (VIP).mp3	apostrophe,parens
songs/2023/Tiesto - Drifting (Extended Mix) (1).mp3	parens
songs/2023/Tiesto - Drifting (Extended Mix).mp3	parens
songs/2023/Tiesto - Lay Low (Extended Mix).mp3	parens
songs/2023/TineX - Fuck da Police (Original Mix).mp3	parens
songs/2023/TNT, Zatox - I Like Bass (Extended Mix) BEATPORT_17283186.mp3	parens
songs/2023/Torren Foot - Candy (Extended Mix).mp3	parens
songs/2023/Triptykh - Bass Keeps Going (Original Mix).mp3	parens
songs/2023/Triptykh - Rock The Beat (Original Mix).mp3	parens
songs/2023/Triptykh - Unholy (Original Mix).mp3	parens
songs/2023/Tucker (UK) - Pop That (Original Mix).mp3	parens
songs/2023/Twins Project - Drop Me (SveTec Remix).mp3	parens
songs/2023/Ultra Nate, Les Bisous - DANGEROUS (So Dare Me) (Extended Mix).mp3	parens
songs/2023/Veseli - Fxck Off (Original Mix).mp3	parens
songs/2023/VIDØ - Hypnosis ((Ben Techy Remix)).mp3	parens
songs/2023/VIDØ - Hypnosis (Original Mix).mp3	parens
songs/2023/VIDØ - Sorry Baby (Original Mix).mp3	parens
songs/2023/Wamdue Project - King of My Castle ((Purple Disco Machine Remix) [Extended Mix]).mp3	brackets,parens
songs/2023/Westend, Noizu, No-Me - Push To Start (feat. No-Me) (Original Mix).mp3	parens
songs/2023/Wolfram, Josh Ludlow - YoYo Disco (Purple Disco Machine Extended Remix).mp3	parens
songs/2023/Xavi Bcn - Diablo (Fast Rmx).mp3	parens
songs/2023/Xavi Bcn - Diablo (Rmx).mp3	parens
songs/2023/Zana, Lyente, Sonny Wern, Quinten Circle - Dance For Me (1, 2, 3) (Extended Mix).mp3	parens
songs/2023/Zeltak - Getting Close To Me (Original Mix).mp3	parens
songs/2024/Adam Beyer, Green Velvet - Simulator (Odd Mob Remix).mp3	parens
songs/2024/Afterman, Yvvan Back - Who's That Girl.mp3	apostrophe
songs/2024/Andruss, Sam Collins - PAPI (Original Mix).mp3	parens
songs/2024/Argy, Omnya - Aria (Extended Mix).mp3	parens
songs/2024/Azzecca - IDK (Extended).mp3	parens
songs/2024/BL3SS & CamrinWatsin - Kisses (Clean).mp3	ampersand,parens
songs/2024/Block & Crown - Another One Bites Feat. Cover Queen.mp3	ampersand
songs/2024/David Guetta, OneRepublic - I Don't Wanna Wait.mp3	apostrophe
songs/2024/Doche - Pick Up The Pieces (Extended Mix).mp3	parens
songs/2024/Dom Dolla - girl$ (Extended).mp3	dollar,parens
songs/2024/Dubdogz, DLMT - I Love It (Extended Mix).mp3	parens
songs/2024/Fisher, Chris Lake - Somebody (2024).mp3	parens
songs/2024/Flowdan, FISHER (OZ) - Boost Up.mp3	parens
songs/2024/GIOC, Fancy Inc, Eric Olliver - Rich Baby Daddy (Extended Mix).mp3	parens
songs/2024/HP Vince, Discotron - Ride On Time (Nu Disco Mix).mp3	parens
songs/2024/Hyperverb - In Syngergy (Edit).mp3	parens
songs/2024/Indila X Bennett - Dernière Danse (Techno Mix).mp3	parens
songs/2024/Isabel Aaiún - Potra Salvaje (Fernando Moreno Hard Remix).mp3	parens
songs/2024/Jen Payne, Vandal On Da Track - Pretty Girls Walk (Extended Mix).mp3	parens
songs/2024/Joshwa - Beat Goes (Extended Mix).mp3	parens
songs/2024/LOVRA, Jenn Getz & Alfie - Broke (Extended Mix).mp3	ampersand,parens
songs/2024/Magode Oz - Fiesta Pagana (Sirolo Hardstyle Version).mp3	parens
songs/2024/Marlon Hoffstadt & DJ Daddy Trance - It's That Time (FISHER Remix).mp3	ampersand,apostrophe,parens
songs/2024/Mau P - BEATS FOR THE UNDERGROUND (Original Mix).mp3	parens
songs/2024/Mousse T., Riva Starr, Hot ânâ Juicy - Horny (Riva Starr Extended Remix).mp3	parens
songs/2024/Nate Dogg, Flex (UK) - 6 In the Morning (Extended).mp3	parens
songs/2024/PAWSA - TOO COOL TO BE CARELESS (Extended).mp3	parens
songs/2024/PAWSA, Nate Dogg - PICK UP THE PHONE (Extended Mix).mp3	parens
songs/2024/Peggy Gou - (It Goes Like) Nanana (Edit).mp3	parens
songs/2024/Raffaella Carra, Agatino Romero, Jaxomy - Pedro (Extended Mix).mp3	parens
songs/2024/Sean Paul, Odd Mob - Get Busy (Odd Mob Extended Club Mix).mp3	parens
songs/2024/Sem Jacobs, Tagmann - Blue Berries (Extended Mix).mp3	parens
songs/2024/Sosa UK, Kilo Ali - BLOW (WHITE GIRL IN TOWN).mp3	parens
songs/2024/Spankox, CID - To The Club (Extended Mix).mp3	parens
songs/2024/Stretch & Vern, Adelphi Music Factory - Im Alive.mp3	ampersand
songs/2024/Trace (UZ) - Selecta (Original Mix).mp3	parens
songs/2024/TWENTY SIX & Tayson Kryss - Buscando Money (Chris Lake Remix).mp3	ampersand,parens
songs/2024/Wuki, Trace (UZ) - Shake It (Extended Mix).mp3	parens
songs/2024/Yann Muller, DE SOFFER - Mas Que Nada (Extended Mix).mp3	parens
songs/2025/DJ Konik, Netherworld, Ricardo F - Origins (Netherworld Extended Mix).mp3	parens
songs/2025/Dj Nano, K-Style, Rebeka Brown - Millenium (Pastis & Buenri, Ruboy Remix).mp3	ampersand,parens
songs/unknown/Miki Hardy - Understand God's Plan For Our Church _ Comprendre Le Plan De Dieu Pour L'église.mp3	apostrophe
